date,margin_balance
2012-09-27,704.53
2012-09-28,685.47
2012-10-08,696.69
2012-10-09,699.63
2012-10-10,708.57
2012-10-11,715.18
2012-10-12,716.87
2012-10-15,719.66
2012-10-16,720.75
2012-10-17,726.03
2012-10-18,725.29
2012-10-19,722.64
2012-10-22,728.68
2012-10-23,735.19
2012-10-24,738.7
2012-10-25,743.62
2012-10-26,749.71
2012-10-29,754.63
2012-10-30,753.15
2012-10-31,752.88
2012-11-01,748.99
2012-11-02,747.84
2012-11-05,751.39
2012-11-06,755.08
2012-11-07,756.69
2012-11-08,754.93
2012-11-09,751.91
2012-11-12,752.65
2012-11-13,754.03
2012-11-14,755.16
2012-11-15,755.95
2012-11-16,756.31
2012-11-19,759.31
2012-11-20,760.04
2012-11-21,761.52
2012-11-22,761.34
2012-11-23,758.65
2012-11-26,760.24
2012-11-27,758.29
2012-11-28,755.4
2012-11-29,751.33
2012-11-30,747.59
2012-12-03,743.37
2012-12-04,741.11
2012-12-05,742.93
2012-12-06,748.19
2012-12-07,747.34
2012-12-10,749.2
2012-12-11,756.33
2012-12-12,763.21
2012-12-13,766.89
2012-12-14,768.54
2012-12-17,779.53
2012-12-18,790.96
2012-12-19,799.44
2012-12-20,810.26
2012-12-21,822.06
2012-12-24,831.42
2012-12-25,841.38
2012-12-26,850.59
2012-12-27,860.45
2012-12-28,861.44
2012-12-31,856.5
2013-01-04,879.0
2013-01-07,899.94
2013-01-08,914.05
2013-01-09,925.53
2013-01-10,937.69
2013-01-11,943.84
2013-01-14,963.09
2013-01-15,981.51
2013-01-16,995.97
2013-01-17,1011.83
2013-01-18,1010.84
2013-01-21,1032.58
2013-01-22,1053.61
2013-01-23,1069.47
2013-01-24,1071.06
2013-01-25,1071.92
2013-01-28,1086.27
2013-01-29,1107.91
2013-01-30,1131.12
2013-01-31,1151.87
2013-02-01,1156.57
2013-02-04,1189.28
2013-02-05,1205.69
2013-02-06,1225.86
2013-02-07,1243.82
2013-02-08,1217.25
2013-02-18,1262.96
2013-02-19,1294.94
2013-02-20,1304.09
2013-02-21,1323.25
2013-02-22,1323.35
2013-02-25,1337.05
2013-02-26,1358.54
2013-02-27,1365.95
2013-02-28,1369.9
2013-03-01,1383.43
2013-03-04,1411.5
2013-03-05,1429.81
2013-03-06,1449.16
2013-03-07,1464.3
2013-03-08,1468.71
2013-03-11,1481.96
2013-03-12,1475.48
2013-03-13,1494.39
2013-03-14,1502.97
2013-03-15,1509.11
2013-03-18,1520.54
2013-03-19,1528.73
2013-03-20,1539.19
2013-03-21,1553.47
2013-03-22,1564.05
2013-03-25,1581.39
2013-03-26,1597.24
2013-03-27,1611.61
2013-03-28,1621.68
2013-03-29,1616.9
2013-04-01,1629.43
2013-04-02,1635.54
2013-04-03,1632.22
2013-04-08,1648.89
2013-04-09,1658.93
2013-04-10,1662.25
2013-04-11,1669.46
2013-04-12,1667.78
2013-04-15,1670.38
2013-04-16,1673.87
2013-04-17,1686.73
2013-04-18,1695.46
2013-04-19,1699.94
2013-04-22,1727.39
2013-04-23,1745.35
2013-04-24,1758.52
2013-04-25,1765.48
2013-04-26,1749.31
2013-05-02,1762.11
2013-05-03,1759.15
2013-05-06,1786.39
2013-05-07,1801.9
2013-05-08,1811.66
2013-05-09,1835.47
2013-05-10,1842.64
2013-05-13,1866.64
2013-05-14,1889.72
2013-05-15,1907.29
2013-05-16,1926.49
2013-05-17,1927.73
2013-05-20,1957.79
2013-05-21,1993.29
2013-05-22,2018.74
2013-05-23,2050.7
2013-05-24,2065.55
2013-05-27,2098.08
2013-05-28,2114.02
2013-05-29,2139.74
2013-05-30,2166.95
2013-05-31,2180.49
2013-06-03,2207.75
2013-06-04,2227.44
2013-06-05,2238.64
2013-06-06,2247.71
2013-06-07,2232.16
2013-06-13,2246.05
2013-06-14,2244.43
2013-06-17,2268.53
2013-06-18,2279.63
2013-06-19,2295.09
2013-06-20,2306.0
2013-06-21,2298.88
2013-06-24,2273.37
2013-06-25,2219.73
2013-06-26,2224.2
2013-06-27,2206.12
2013-06-28,2188.0
2013-07-01,2184.95
2013-07-02,2188.59
2013-07-03,2198.54
2013-07-04,2200.52
2013-07-05,2196.4
2013-07-08,2189.05
2013-07-09,2185.68
2013-07-10,2192.68
2013-07-11,2188.47
2013-07-12,2199.32
2013-07-15,2214.73
2013-07-16,2237.45
2013-07-17,2242.94
2013-07-18,2259.92
2013-07-19,2249.21
2013-07-22,2262.68
2013-07-23,2272.27
2013-07-24,2285.52
2013-07-25,2285.81
2013-07-26,2280.38
2013-07-29,2287.17
2013-07-30,2286.13
2013-07-31,2285.26
2013-08-01,2290.45
2013-08-02,2282.56
2013-08-05,2293.92
2013-08-06,2301.93
2013-08-07,2307.85
2013-08-08,2325.65
2013-08-09,2327.79
2013-08-12,2329.98
2013-08-13,2348.26
2013-08-14,2354.23
2013-08-15,2362.9
2013-08-16,2373.2
2013-08-19,2379.24
2013-08-20,2389.69
2013-08-21,2404.79
2013-08-22,2410.0
2013-08-23,2409.07
2013-08-26,2426.46
2013-08-27,2451.24
2013-08-28,2480.43
2013-08-29,2499.04
2013-08-30,2485.62
2013-09-02,2505.74
2013-09-03,2503.6
2013-09-04,2513.9
2013-09-05,2532.26
2013-09-06,2540.83
2013-09-09,2582.74
2013-09-10,2626.24
2013-09-11,2646.32
2013-09-12,2687.7
2013-09-13,2702.2
2013-09-16,2742.79
2013-09-17,2768.3
2013-09-18,2757.55
2013-09-23,2798.01
2013-09-24,2829.69
2013-09-25,2850.36
2013-09-26,2865.1
2013-09-27,2859.87
2013-09-30,2827.69
2013-10-08,2885.09
2013-10-09,2928.81
2013-10-10,2968.61
2013-10-11,2992.13
2013-10-14,3030.74
2013-10-15,3063.69
2013-10-16,3067.28
2013-10-17,3074.1
2013-10-18,3068.28
2013-10-21,3097.68
2013-10-22,3113.49
2013-10-23,3113.87
2013-10-24,3123.42
2013-10-25,3121.09
2013-10-28,3127.52
2013-10-29,3105.49
2013-10-30,3111.15
2013-10-31,3109.84
2013-11-01,3087.9
2013-11-04,3096.73
2013-11-05,3104.04
2013-11-06,3106.98
2013-11-07,3107.54
2013-11-08,3099.39
2013-11-11,3096.7
2013-11-12,3089.86
2013-11-13,3076.95
2013-11-14,3079.37
2013-11-15,3085.48
2013-11-18,3111.69
2013-11-19,3132.87
2013-11-20,3155.98
2013-11-21,3169.96
2013-11-22,3167.63
2013-11-25,3180.81
2013-11-26,3197.34
2013-11-27,3215.85
2013-11-28,3227.78
2013-11-29,3234.82
2013-12-02,3235.84
2013-12-03,3246.81
2013-12-04,3271.32
2013-12-05,3291.53
2013-12-06,3289.96
2013-12-09,3306.52
2013-12-10,3318.01
2013-12-11,3327.65
2013-12-12,3337.79
2013-12-13,3340.2
2013-12-16,3346.26
2013-12-17,3355.07
2013-12-18,3358.87
2013-12-19,3365.93
2013-12-20,3371.27
2013-12-23,3373.09
2013-12-24,3378.28
2013-12-25,3392.86
2013-12-26,3403.45
2013-12-27,3405.11
2013-12-30,3433.57
2013-12-31,3435.06
2014-01-02,3448.64
2014-01-03,3446.17
2014-01-06,3452.09
2014-01-07,3456.8
2014-01-08,3467.73
2014-01-09,3480.89
2014-01-10,3480.57
2014-01-13,3477.99
2014-01-14,3478.77
2014-01-15,3486.11
2014-01-16,3491.07
2014-01-17,3497.77
2014-01-20,3507.12
2014-01-21,3509.62
2014-01-22,3518.66
2014-01-23,3531.11
2014-01-24,3530.24
2014-01-27,3543.83
2014-01-28,3539.18
2014-01-29,3521.08
2014-01-30,3472.17
2014-02-07,3518.33
2014-02-10,3576.15
2014-02-11,3632.39
2014-02-12,3676.1
2014-02-13,3712.84
2014-02-14,3715.22
2014-02-17,3752.7
2014-02-18,3794.07
2014-02-19,3822.55
2014-02-20,3841.88
2014-02-21,3839.43
2014-02-24,3851.97
2014-02-25,3842.51
2014-02-26,3850.26
2014-02-27,3845.34
2014-02-28,3837.07
2014-03-03,3853.01
2014-03-04,3863.45
2014-03-05,3877.84
2014-03-06,3884.75
2014-03-07,3870.01
2014-03-10,3857.25
2014-03-11,3848.1
2014-03-12,3838.92
2014-03-13,3844.72
2014-03-14,3836.07
2014-03-17,3845.44
2014-03-18,3862.3
2014-03-19,3883.37
2014-03-20,3885.18
2014-03-21,3889.13
2014-03-24,3907.16
2014-03-25,3924.55
2014-03-26,3939.03
2014-03-27,3947.12
2014-03-28,3931.24
2014-03-31,3926.85
2014-04-01,3919.12
2014-04-02,3914.97
2014-04-03,3927.49
2014-04-04,3913.11
2014-04-08,3921.95
2014-04-09,3938.23
2014-04-10,3971.24
2014-04-11,3973.32
2014-04-14,3996.0
2014-04-15,4016.65
2014-04-16,4023.06
2014-04-17,4029.29
2014-04-18,4020.85
2014-04-21,4020.15
2014-04-22,4023.6
2014-04-23,4027.98
2014-04-24,4020.36
2014-04-25,4000.16
2014-04-28,3984.59
2014-04-29,3968.57
2014-04-30,3939.18
2014-05-05,3954.55
2014-05-06,3965.99
2014-05-07,3963.09
2014-05-08,3961.33
2014-05-09,3950.27
2014-05-12,3958.65
2014-05-13,3966.55
2014-05-14,3964.81
2014-05-15,3959.02
2014-05-16,3944.81
2014-05-19,3946.61
2014-05-20,3946.89
2014-05-21,3952.71
2014-05-22,3945.71
2014-05-23,3929.18
2014-05-26,3928.52
2014-05-27,3931.67
2014-05-28,3938.04
2014-05-29,3935.08
2014-05-30,3915.67
2014-06-03,3913.86
2014-06-04,3916.68
2014-06-05,3911.28
2014-06-06,3909.15
2014-06-09,3913.56
2014-06-10,3916.85
2014-06-11,3921.83
2014-06-12,3933.65
2014-06-13,3925.94
2014-06-16,3943.93
2014-06-17,3976.75
2014-06-18,4014.45
2014-06-19,4028.09
2014-06-20,4027.73
2014-06-23,4027.44
2014-06-24,4028.16
2014-06-25,4035.78
2014-06-26,4027.69
2014-06-27,4015.15
2014-06-30,4034.96
2014-07-01,4050.05
2014-07-02,4065.53
2014-07-03,4085.0
2014-07-04,4085.69
2014-07-07,4114.76
2014-07-08,4139.16
2014-07-09,4159.21
2014-07-10,4181.51
2014-07-11,4188.52
2014-07-14,4214.76
2014-07-15,4228.57
2014-07-16,4248.47
2014-07-17,4255.47
2014-07-18,4237.9
2014-07-21,4240.09
2014-07-22,4253.94
2014-07-23,4286.86
2014-07-24,4309.14
2014-07-25,4298.05
2014-07-28,4281.03
2014-07-29,4303.22
2014-07-30,4358.34
2014-07-31,4400.74
2014-08-01,4393.21
2014-08-04,4435.49
2014-08-05,4471.62
2014-08-06,4522.87
2014-08-07,4563.53
2014-08-08,4576.59
2014-08-11,4603.08
2014-08-12,4654.67
2014-08-13,4716.51
2014-08-14,4764.52
2014-08-15,4780.12
2014-08-18,4829.45
2014-08-19,4868.15
2014-08-20,4917.15
2014-08-21,4967.88
2014-08-22,4983.32
2014-08-25,5024.66
2014-08-26,5063.43
2014-08-27,5103.18
2014-08-28,5181.67
2014-08-29,5201.04
2014-09-01,5241.67
2014-09-02,5233.6
2014-09-03,5236.47
2014-09-04,5292.24
2014-09-05,5293.49
2014-09-09,5366.89
2014-09-10,5448.87
2014-09-11,5520.75
2014-09-12,5563.73
2014-09-15,5655.5
2014-09-16,5712.53
2014-09-17,5761.39
2014-09-18,5802.74
2014-09-19,5809.21
2014-09-22,5909.29
2014-09-23,5967.69
2014-09-24,6096.11
2014-09-25,6186.71
2014-09-26,6220.62
2014-09-29,6191.03
2014-09-30,6070.62
2014-10-08,6252.44
2014-10-09,6359.07
2014-10-10,6422.67
2014-10-13,6521.34
2014-10-14,6586.01
2014-10-15,6655.53
2014-10-16,6680.79
2014-10-17,6687.78
2014-10-20,6725.57
2014-10-21,6761.89
2014-10-22,6801.89
2014-10-23,6868.28
2014-10-24,6898.57
2014-10-27,6941.01
2014-10-28,6909.67
2014-10-29,6908.03
2014-10-30,6961.24
2014-10-31,6968.73
2014-11-03,7047.24
2014-11-04,7109.83
2014-11-05,7165.16
2014-11-06,7214.96
2014-11-07,7222.23
2014-11-10,7268.84
2014-11-11,7319.95
2014-11-12,7357.14
2014-11-13,7387.52
2014-11-14,7397.59
2014-11-17,7436.56
2014-11-18,7473.52
2014-11-19,7510.98
2014-11-20,7540.96
2014-11-21,7574.27
2014-11-24,7776.17
2014-11-25,7931.98
2014-11-26,8061.13
2014-11-27,8109.3
2014-11-28,8188.45
2014-12-01,8315.4
2014-12-02,8403.23
2014-12-03,8495.86
2014-12-04,8735.06
2014-12-05,8818.21
2014-12-08,9080.11
2014-12-09,9225.07
2014-12-10,9292.11
2014-12-11,9351.47
2014-12-12,9367.59
2014-12-15,9491.97
2014-12-16,9618.21
2014-12-17,9767.43
2014-12-18,9877.87
2014-12-19,10005.14
2014-12-22,10046.82
2014-12-23,10015.24
2014-12-24,9975.34
2014-12-25,10005.18
2014-12-26,10059.33
2014-12-29,10173.77
2014-12-30,10209.3
2014-12-31,10172.06
2015-01-05,10295.4
2015-01-06,10376.84
2015-01-07,10492.52
2015-01-08,10529.84
2015-01-09,10604.25
2015-01-12,10719.07
2015-01-13,10780.72
2015-01-14,10909.36
2015-01-15,11060.53
2015-01-16,11112.8
2015-01-19,10927.69
2015-01-20,10907.42
2015-01-21,10954.71
2015-01-22,11071.24
2015-01-23,11120.05
2015-01-26,11204.92
2015-01-27,11251.57
2015-01-28,11277.23
2015-01-29,11302.09
2015-01-30,11258.33
2015-02-02,11273.72
2015-02-03,11266.4
2015-02-04,11294.13
2015-02-05,11352.87
2015-02-06,11381.03
2015-02-09,11477.56
2015-02-10,11645.73
2015-02-11,11738.74
2015-02-12,11657.02
2015-02-13,11382.34
2015-02-16,11325.86
2015-02-17,11056.99
2015-02-25,11355.36
2015-02-26,11474.9
2015-02-27,11522.99
2015-03-02,11733.74
2015-03-03,11917.31
2015-03-04,12046.93
2015-03-05,12195.6
2015-03-06,12265.7
2015-03-09,12416.1
2015-03-10,12624.37
2015-03-11,12868.72
2015-03-12,13081.1
2015-03-13,13121.17
2015-03-16,13048.01
2015-03-17,13143.82
2015-03-18,13350.89
2015-03-19,13572.06
2015-03-20,13768.37
2015-03-23,13927.65
2015-03-24,14139.51
2015-03-25,14363.01
2015-03-26,14515.83
2015-03-27,14587.42
2015-03-30,14763.97
2015-03-31,14864.39
2015-04-01,15107.05
2015-04-02,15297.61
2015-04-03,15449.94
2015-04-07,15785.05
2015-04-08,16016.75
2015-04-09,16221.81
2015-04-10,16437.09
2015-04-13,16753.48
2015-04-14,17040.67
2015-04-15,17274.27
2015-04-16,17438.67
2015-04-17,17303.9
2015-04-20,17244.15
2015-04-21,17315.95
2015-04-22,17543.25
2015-04-23,17693.17
2015-04-24,17802.15
2015-04-27,18063.26
2015-04-28,18136.36
2015-04-29,18251.6
2015-04-30,18307.0
2015-05-04,18581.9
2015-05-05,18710.7
2015-05-06,18912.9
2015-05-07,18998.5
2015-05-08,18754.1
2015-05-11,18820.9
2015-05-12,18949.7
2015-05-13,19137.0
2015-05-14,19265.1
2015-05-15,19287.5
2015-05-18,19478.1
2015-05-19,19767.3
2015-05-20,20075.1
2015-05-21,20261.4
2015-05-22,20131.1
2015-05-25,20234.6
2015-05-26,20438.8
2015-05-27,20581.9
2015-05-28,20696.6
2015-05-29,20728.6
2015-06-01,21029.6
2015-06-02,21346.2
2015-06-03,21555.0
2015-06-04,21698.9
2015-06-05,21655.7
2015-06-08,21701.7
2015-06-09,21773.9
2015-06-10,21923.1
2015-06-11,22056.7
2015-06-12,22204.6
2015-06-15,22316.6
2015-06-16,22400.7
2015-06-17,22548.0
2015-06-18,22664.3
2015-06-19,22608.2
2015-06-23,22452.7
2015-06-24,22049.2
2015-06-25,21815.5
2015-06-26,21239.4
2015-06-29,20837.2
2015-06-30,20444.8
2015-07-01,20303.4
2015-07-02,19795.0
2015-07-03,19065.3
2015-07-06,17668.5
2015-07-07,16201.8
2015-07-08,14437.8
2015-07-09,14359.8
2015-07-10,14379.7
2015-07-13,14368.1
2015-07-14,14387.8
2015-07-15,14197.3
2015-07-16,14185.5
2015-07-17,14254.5
2015-07-20,14238.8
2015-07-21,14325.4
2015-07-22,14362.6
2015-07-23,14552.5
2015-07-24,14542.3
2015-07-27,14261.5
2015-07-28,13775.8
2015-07-29,13690.2
2015-07-30,13677.2
2015-07-31,13352.0
2015-08-03,12937.4
2015-08-04,13098.5
2015-08-05,13090.4
2015-08-06,13053.3
2015-08-07,13141.7
2015-08-10,13371.2
2015-08-11,13510.4
2015-08-12,13555.9
2015-08-13,13693.8
2015-08-14,13747.7
2015-08-17,13891.1
2015-08-18,13685.9
2015-08-19,13617.8
2015-08-20,13537.4
2015-08-21,13229.9
2015-08-24,12452.5
2015-08-25,11600.2
2015-08-26,11055.4
2015-08-27,10742.0
2015-08-28,10720.3
2015-08-31,10558.6
2015-09-01,10121.6
2015-09-02,9591.0
2015-09-07,9753.8
2015-09-08,9729.2
2015-09-09,9872.3
2015-09-10,9841.7
2015-09-11,9818.2
2015-09-14,9533.0
2015-09-15,9326.7
2015-09-16,9351.5
2015-09-17,9382.9
2015-09-18,9361.8
2015-09-21,9378.8
2015-09-22,9385.6
2015-09-23,9369.9
2015-09-24,9371.8
2015-09-25,9246.8
2015-09-28,9258.0
2015-09-29,9182.8
2015-09-30,9040.5
2015-10-08,9195.5
2015-10-09,9208.9
2015-10-12,9451.1
2015-10-13,9495.7
2015-10-14,9548.7
2015-10-15,9660.7
2015-10-16,9697.6
2015-10-19,9821.6
2015-10-20,9932.9
2015-10-21,9850.5
2015-10-22,9983.0
2015-10-23,10076.2
2015-10-26,10209.6
2015-10-27,10276.3
2015-10-28,10253.5
2015-10-29,10323.8
2015-10-30,10301.7
2015-11-02,10277.4
2015-11-03,10289.8
2015-11-04,10494.3
2015-11-05,10674.4
2015-11-06,10808.3
2015-11-09,11141.6
2015-11-10,11351.0
2015-11-11,11498.9
2015-11-12,11632.4
2015-11-13,11641.7
2015-11-16,11769.2
2015-11-17,11944.7
2015-11-18,11954.4
2015-11-19,12092.8
2015-11-20,12189.5
2015-11-23,12151.0
2015-11-24,12171.4
2015-11-25,12191.1
2015-11-26,12173.1
2015-11-27,11942.4
2015-11-30,11932.0
2015-12-01,11953.3
2015-12-02,11908.1
2015-12-03,11849.5
2015-12-04,11642.3
2015-12-07,11633.1
2015-12-08,11555.9
2015-12-09,11541.5
2015-12-10,11520.7
2015-12-11,11512.0
2015-12-14,11653.2
2015-12-15,11686.5
2015-12-16,11716.8
2015-12-17,11706.2
2015-12-18,11710.5
2015-12-21,11806.6
2015-12-22,11904.2
2015-12-23,12024.8
2015-12-24,12081.3
2015-12-25,12077.0
2015-12-28,11864.9
2015-12-29,11869.5
2015-12-30,11883.6
2015-12-31,11712.2
2016-01-04,11587.4
2016-01-05,11374.0
2016-01-06,11315.1
2016-01-07,11200.2
2016-01-08,10965.5
2016-01-11,10619.9
2016-01-12,10426.8
2016-01-13,10239.1
2016-01-14,10141.7
2016-01-15,9974.4
2016-01-18,9968.7
2016-01-19,9952.7
2016-01-20,9915.1
2016-01-21,9831.9
2016-01-22,9789.7
2016-01-25,9752.1
2016-01-26,9509.0
2016-01-27,9296.0
2016-01-28,9128.5
2016-01-29,9070.4
2016-02-01,8975.5
2016-02-02,8980.6
2016-02-03,8927.3
2016-02-04,8883.5
2016-02-05,8699.0
2016-02-15,8732.2
2016-02-16,8789.4
2016-02-17,8803.2
2016-02-18,8826.7
2016-02-19,8817.2
2016-02-22,8851.1
2016-02-23,8848.3
2016-02-24,8869.9
2016-02-25,8733.7
2016-02-26,8675.2
2016-02-29,8508.0
2016-03-01,8482.8
2016-03-02,8523.4
2016-03-03,8542.2
2016-03-04,8411.6
2016-03-07,8457.0
2016-03-08,8438.0
2016-03-09,8393.0
2016-03-10,8367.1
2016-03-11,8334.2
2016-03-14,8405.9
2016-03-15,8352.3
2016-03-16,8267.5
2016-03-17,8373.4
2016-03-18,8451.2
2016-03-21,8633.0
2016-03-22,8679.6
2016-03-23,8733.0
2016-03-24,8728.3
2016-03-25,8736.9
2016-03-28,8748.0
2016-03-29,8734.6
2016-03-30,8777.8
2016-03-31,8785.8
2016-04-01,8718.1
2016-04-05,8842.3
2016-04-06,8872.3
2016-04-07,8865.9
2016-04-08,8822.4
2016-04-11,8874.5
2016-04-12,8837.9
2016-04-13,8922.4
2016-04-14,8951.1
2016-04-15,8914.4
2016-04-18,8899.6
2016-04-19,8907.8
2016-04-20,8776.7
2016-04-21,8739.6
2016-04-22,8697.9
2016-04-25,8681.8
2016-04-26,8671.9
2016-04-27,8649.9
2016-04-28,8643.7
2016-04-29,8570.2
2016-05-03,8656.5
2016-05-04,8666.8
2016-05-05,8693.3
2016-05-06,8579.4
2016-05-09,8521.0
2016-05-10,8461.4
2016-05-11,8412.1
2016-05-12,8380.4
2016-05-13,8328.9
2016-05-16,8343.4
2016-05-17,8329.8
2016-05-18,8260.1
2016-05-19,8267.2
2016-05-20,8245.9
2016-05-23,8246.1
2016-05-24,8247.3
2016-05-25,8233.2
2016-05-26,8233.4
2016-05-27,8201.5
2016-05-30,8186.3
2016-05-31,8269.8
2016-06-01,8299.1
2016-06-02,8353.2
2016-06-03,8337.5
2016-06-06,8367.0
2016-06-07,8382.6
2016-06-08,8346.0
2016-06-13,8309.6
2016-06-14,8287.3
2016-06-15,8367.2
2016-06-16,8362.4
2016-06-17,8340.7
2016-06-20,8359.5
2016-06-21,8343.4
2016-06-22,8373.8
2016-06-23,8368.8
2016-06-24,8350.2
2016-06-27,8422.9
2016-06-28,8458.9
2016-06-29,8498.1
2016-06-30,8508.6
2016-07-01,8483.7
2016-07-04,8568.6
2016-07-05,8601.4
2016-07-06,8633.0
2016-07-07,8669.1
2016-07-08,8631.3
2016-07-11,8651.0
2016-07-12,8699.8
2016-07-13,8722.5
2016-07-14,8736.9
2016-07-15,8720.3
2016-07-18,8762.8
2016-07-19,8811.2
2016-07-20,8821.1
2016-07-21,8828.8
2016-07-22,8801.8
2016-07-25,8822.3
2016-07-26,8840.5
2016-07-27,8725.1
2016-07-28,8686.8
2016-07-29,8636.3
2016-08-01,8600.4
2016-08-02,8592.2
2016-08-03,8592.3
2016-08-04,8609.0
2016-08-05,8579.0
2016-08-08,8610.3
2016-08-09,8640.2
2016-08-10,8675.4
2016-08-11,8680.4
2016-08-12,8655.1
2016-08-15,8764.7
2016-08-16,8864.2
2016-08-17,8897.5
2016-08-18,8941.5
2016-08-19,8939.7
2016-08-22,8955.6
2016-08-23,8961.0
2016-08-24,8974.2
2016-08-25,8976.1
2016-08-26,8955.0
2016-08-29,8976.9
2016-08-30,8976.6
2016-08-31,8995.9
2016-09-01,8990.0
2016-09-02,8954.5
2016-09-05,8960.3
2016-09-06,9022.9
2016-09-07,9023.2
2016-09-08,9037.5
2016-09-09,9003.0
2016-09-12,8970.4
2016-09-13,8959.3
2016-09-14,8895.7
2016-09-19,8919.5
2016-09-20,8927.8
2016-09-21,8936.0
2016-09-22,8920.9
2016-09-23,8879.3
2016-09-26,8871.3
2016-09-27,8863.7
2016-09-28,8848.7
2016-09-29,8822.6
2016-09-30,8685.4
2016-10-10,8784.5
2016-10-11,8828.0
2016-10-12,8873.5
2016-10-13,8903.1
2016-10-14,8895.8
2016-10-17,8917.0
2016-10-18,8973.8
2016-10-19,8990.4
2016-10-20,9005.5
2016-10-21,8982.1
2016-10-24,9045.4
2016-10-25,9083.1
2016-10-26,9104.6
2016-10-27,9122.0
2016-10-28,9057.1
2016-10-31,9075.5
2016-11-01,9106.4
2016-11-02,9100.4
2016-11-03,9168.4
2016-11-04,9150.4
2016-11-07,9176.2
2016-11-08,9189.7
2016-11-09,9226.9
2016-11-10,9284.5
2016-11-11,9284.7
2016-11-14,9366.6
2016-11-15,9414.2
2016-11-16,9453.9
2016-11-17,9458.4
2016-11-18,9438.5
2016-11-21,9499.5
2016-11-22,9563.3
2016-11-23,9560.5
2016-11-24,9566.5
2016-11-25,9558.3
2016-11-28,9637.5
2016-11-29,9667.7
2016-11-30,9720.1
2016-12-01,9694.8
2016-12-02,9650.2
2016-12-05,9635.2
2016-12-06,9635.8
2016-12-07,9651.2
2016-12-08,9648.3
2016-12-09,9617.6
2016-12-12,9500.6
2016-12-13,9487.6
2016-12-14,9491.8
2016-12-15,9520.5
2016-12-16,9483.6
2016-12-19,9475.9
2016-12-20,9488.3
2016-12-21,9487.7
2016-12-22,9476.7
2016-12-23,9422.4
2016-12-26,9436.7
2016-12-27,9443.2
2016-12-28,9447.7
2016-12-29,9439.7
2016-12-30,9356.3
2017-01-03,9357.5
2017-01-04,9345.1
2017-01-05,9328.2
2017-01-06,9293.7
2017-01-09,9293.9
2017-01-10,9277.4
2017-01-11,9255.0
2017-01-12,9234.5
2017-01-13,9164.4
2017-01-16,8987.4
2017-01-17,8972.7
2017-01-18,8940.1
2017-01-19,8920.9
2017-01-20,8886.5
2017-01-23,8860.5
2017-01-24,8816.4
2017-01-25,8781.2
2017-01-26,8649.0
2017-02-03,8696.3
2017-02-06,8743.3
2017-02-07,8746.5
2017-02-08,8774.0
2017-02-09,8812.5
2017-02-10,8794.4
2017-02-13,8845.7
2017-02-14,8863.6
2017-02-15,8881.9
2017-02-16,8916.6
2017-02-17,8900.2
2017-02-20,8948.4
2017-02-21,8959.3
2017-02-22,8981.9
2017-02-23,9013.6
2017-02-24,9013.2
2017-02-27,9040.3
2017-02-28,9062.1
2017-03-01,9070.0
2017-03-02,9081.4
2017-03-03,9055.1
2017-03-06,9087.5
2017-03-07,9093.1
2017-03-08,9093.3
2017-03-09,9086.8
2017-03-10,9053.1
2017-03-13,9075.7
2017-03-14,9085.6
2017-03-15,9095.4
2017-03-16,9165.0
2017-03-17,9152.1
2017-03-20,9182.7
2017-03-21,9197.5
2017-03-22,9213.8
2017-03-23,9220.0
2017-03-24,9215.1
2017-03-27,9259.2
2017-03-28,9269.0
2017-03-29,9265.5
2017-03-30,9254.4
2017-03-31,9178.7
2017-04-05,9230.6
2017-04-06,9239.5
2017-04-07,9213.7
2017-04-10,9254.6
2017-04-11,9306.5
2017-04-12,9323.1
2017-04-13,9355.9
2017-04-14,9324.8
2017-04-17,9341.7
2017-04-18,9325.7
2017-04-19,9295.1
2017-04-20,9265.2
2017-04-21,9184.6
2017-04-24,9126.6
2017-04-25,9106.2
2017-04-26,9096.9
2017-04-27,9099.1
2017-04-28,9045.3
2017-05-02,9062.1
2017-05-03,9069.7
2017-05-04,9086.0
2017-05-05,9028.6
2017-05-08,8979.5
2017-05-09,8962.5
2017-05-10,8906.3
2017-05-11,8825.6
2017-05-12,8772.0
2017-05-15,8749.4
2017-05-16,8776.7
2017-05-17,8785.3
2017-05-18,8796.8
2017-05-19,8768.2
2017-05-22,8760.6
2017-05-23,8712.0
2017-05-24,8704.3
2017-05-25,8701.4
2017-05-26,8638.9
2017-05-31,8647.2
2017-06-01,8597.0
2017-06-02,8579.2
2017-06-05,8590.7
2017-06-06,8580.4
2017-06-07,8616.3
2017-06-08,8622.6
2017-06-09,8605.2
2017-06-12,8624.4
2017-06-13,8651.9
2017-06-14,8655.0
2017-06-15,8688.1
2017-06-16,8655.2
2017-06-19,8673.7
2017-06-20,8674.1
2017-06-21,8687.2
2017-06-22,8690.5
2017-06-23,8666.9
2017-06-26,8718.3
2017-06-27,8740.1
2017-06-28,8769.7
2017-06-29,8780.5
2017-06-30,8754.6
2017-07-03,8774.1
2017-07-04,8788.3
2017-07-05,8808.1
2017-07-06,8810.7
2017-07-07,8798.9
2017-07-10,8826.9
2017-07-11,8827.4
2017-07-12,8841.5
2017-07-13,8845.3
2017-07-14,8804.8
2017-07-17,8754.6
2017-07-18,8756.4
2017-07-19,8780.0
2017-07-20,8791.7
2017-07-21,8781.9
2017-07-24,8840.8
2017-07-25,8876.6
2017-07-26,8902.6
2017-07-27,8936.6
2017-07-28,8907.4
2017-07-31,8960.7
2017-08-01,8974.6
2017-08-02,9011.7
2017-08-03,9053.3
2017-08-04,9020.0
2017-08-07,9052.6
2017-08-08,9043.6
2017-08-09,9082.0
2017-08-10,9085.5
2017-08-11,9047.7
2017-08-14,9097.8
2017-08-15,9123.0
2017-08-16,9148.2
2017-08-17,9177.5
2017-08-18,9159.9
2017-08-21,9195.2
2017-08-22,9215.6
2017-08-23,9224.0
2017-08-24,9236.8
2017-08-25,9226.0
2017-08-28,9291.0
2017-08-29,9330.0
2017-08-30,9350.2
2017-08-31,9415.2
2017-09-01,9428.8
2017-09-04,9487.4
2017-09-05,9519.2
2017-09-06,9567.7
2017-09-07,9600.5
2017-09-08,9608.5
2017-09-11,9690.1
2017-09-12,9735.3
2017-09-13,9769.3
2017-09-14,9798.9
2017-09-15,9787.6
2017-09-18,9843.3
2017-09-19,9872.3
2017-09-20,9929.6
2017-09-21,9904.1
2017-09-22,9870.0
2017-09-25,9844.4
2017-09-26,9835.3
2017-09-27,9827.7
2017-09-28,9804.5
2017-09-29,9655.5
2017-10-09,9814.3
2017-10-10,9881.3
2017-10-11,9900.2
2017-10-12,9901.3
2017-10-13,9895.0
2017-10-16,9906.9
2017-10-17,9903.8
2017-10-18,9867.1
2017-10-19,9836.6
2017-10-20,9820.5
2017-10-23,9856.7
2017-10-24,9824.0
2017-10-25,9846.1
2017-10-26,9919.5
2017-10-27,9922.3
2017-10-30,9923.2
2017-10-31,9945.6
2017-11-01,9999.9
2017-11-02,9995.3
2017-11-03,9951.1
2017-11-06,10017.6
2017-11-07,10071.5
2017-11-08,10126.0
2017-11-09,10161.5
2017-11-10,10179.8
2017-11-13,10268.1
2017-11-14,10310.8
2017-11-15,10324.5
2017-11-16,10349.1
2017-11-17,10225.2
2017-11-20,10238.3
2017-11-21,10312.5
2017-11-22,10339.4
2017-11-23,10314.7
2017-11-24,10249.0
2017-11-27,10209.1
2017-11-28,10228.9
2017-11-29,10246.9
2017-11-30,10237.2
2017-12-01,10218.8
2017-12-04,10208.9
2017-12-05,10075.0
2017-12-06,10082.7
2017-12-07,10090.3
2017-12-08,10091.2
2017-12-11,10108.2
2017-12-12,10122.2
2017-12-13,10151.6
2017-12-14,10174.8
2017-12-15,10144.3
2017-12-18,10152.6
2017-12-19,10166.3
2017-12-20,10157.6
2017-12-21,10169.8
2017-12-22,10161.1
2017-12-25,10186.0
2017-12-26,10216.0
2017-12-27,10233.5
2017-12-28,10267.8
2017-12-29,10215.9
2018-01-02,10250.8
2018-01-03,10267.5
2018-01-04,10288.3
2018-01-05,10287.2
2018-01-08,10341.0
2018-01-09,10377.8
2018-01-10,10424.1
2018-01-11,10454.8
2018-01-12,10434.6
2018-01-15,10450.8
2018-01-16,10506.9
2018-01-17,10523.4
2018-01-18,10597.8
2018-01-19,10609.5
2018-01-22,10661.6
2018-01-23,10712.9
2018-01-24,10757.3
2018-01-25,10762.5
2018-01-26,10741.7
2018-01-29,10778.7
2018-01-30,10782.9
2018-01-31,10741.1
2018-02-01,10614.7
2018-02-02,10526.7
2018-02-05,10506.7
2018-02-06,10344.2
2018-02-07,10290.5
2018-02-08,10258.4
2018-02-09,10076.5
2018-02-12,10003.5
2018-02-13,9912.3
2018-02-14,9776.9
2018-02-22,9824.2
2018-02-23,9825.8
2018-02-26,9876.3
2018-02-27,9886.9
2018-02-28,9901.4
2018-03-01,9933.6
2018-03-02,9926.5
2018-03-05,9923.6
2018-03-06,9953.5
2018-03-07,9944.1
2018-03-08,9954.3
2018-03-09,9947.4
2018-03-12,10001.0
2018-03-13,10005.1
2018-03-14,10024.7
2018-03-15,10036.1
2018-03-16,10012.0
2018-03-19,10026.1
2018-03-20,10031.3
2018-03-21,10052.0
2018-03-22,10060.2
2018-03-23,9895.1
2018-03-26,9938.9
2018-03-27,9961.2
2018-03-28,9957.1
2018-03-29,9977.4
2018-03-30,9956.6
2018-04-02,9987.6
2018-04-03,9986.7
2018-04-04,9927.2
2018-04-09,9958.0
2018-04-10,9945.6
2018-04-11,9952.6
2018-04-12,9955.9
2018-04-13,9941.3
2018-04-16,9956.3
2018-04-17,9932.9
2018-04-18,9930.8
2018-04-19,9914.3
2018-04-20,9859.4
2018-04-23,9871.6
2018-04-24,9856.1
2018-04-25,9868.6
2018-04-26,9859.7
2018-04-27,9787.6
2018-05-02,9780.8
2018-05-03,9769.6
2018-05-04,9746.6
2018-05-07,9769.4
2018-05-08,9781.1
2018-05-09,9807.1
2018-05-10,9828.0
2018-05-11,9792.2
2018-05-14,9800.0
2018-05-15,9809.9
2018-05-16,9815.8
2018-05-17,9835.8
2018-05-18,9816.3
2018-05-21,9849.3
2018-05-22,9888.9
2018-05-23,9909.0
2018-05-24,9926.4
2018-05-25,9891.6
2018-05-28,9897.2
2018-05-29,9883.6
2018-05-30,9838.7
2018-05-31,9829.0
2018-06-01,9784.5
2018-06-04,9759.6
2018-06-05,9760.5
2018-06-06,9754.2
2018-06-07,9754.1
2018-06-08,9721.6
2018-06-11,9705.4
2018-06-12,9702.3
2018-06-13,9676.6
2018-06-14,9672.3
2018-06-15,9589.5
2018-06-19,9374.4
2018-06-20,9316.9
2018-06-21,9241.8
2018-06-22,9193.8
2018-06-25,9172.8
2018-06-26,9177.9
2018-06-27,9163.5
2018-06-28,9143.7
2018-06-29,9127.7
2018-07-02,9109.7
2018-07-03,9125.3
2018-07-04,9071.9
2018-07-05,9022.9
2018-07-06,8987.2
2018-07-09,8968.8
2018-07-10,8962.0
2018-07-11,8919.3
2018-07-12,8940.8
2018-07-13,8905.2
2018-07-16,8908.7
2018-07-17,8918.0
2018-07-18,8910.2
2018-07-19,8891.2
2018-07-20,8863.3
2018-07-23,8847.1
2018-07-24,8845.2
2018-07-25,8856.1
2018-07-26,8877.0
2018-07-27,8850.0
2018-07-30,8848.3
2018-07-31,8842.5
2018-08-01,8826.2
2018-08-02,8805.9
2018-08-03,8763.9
2018-08-06,8736.1
2018-08-07,8715.5
2018-08-08,8687.6
2018-08-09,8694.0
2018-08-10,8661.2
2018-08-13,8673.3
2018-08-14,8679.2
2018-08-15,8675.6
2018-08-16,8674.7
2018-08-17,8639.0
2018-08-20,8620.7
2018-08-21,8591.5
2018-08-22,8574.0
2018-08-23,8575.8
2018-08-24,8548.8
2018-08-27,8550.0
2018-08-28,8545.3
2018-08-29,8547.3
2018-08-30,8540.4
2018-08-31,8501.9
2018-09-03,8496.3
2018-09-04,8497.5
2018-09-05,8490.6
2018-09-06,8492.6
2018-09-07,8460.2
2018-09-10,8432.6
2018-09-11,8421.3
2018-09-12,8423.2
2018-09-13,8420.1
2018-09-14,8377.9
2018-09-17,8359.3
2018-09-18,8358.0
2018-09-19,8328.7
2018-09-20,8305.9
2018-09-21,8263.6
2018-09-25,8274.9
2018-09-26,8257.9
2018-09-27,8232.7
2018-09-28,8151.6
2018-10-08,8199.7
2018-10-09,8199.9
2018-10-10,8197.8
2018-10-11,8056.5
2018-10-12,7930.8
2018-10-15,7880.9
2018-10-16,7796.0
2018-10-17,7750.7
2018-10-18,7699.7
2018-10-19,7648.6
2018-10-22,7655.4
2018-10-23,7666.1
2018-10-24,7666.7
2018-10-25,7658.4
2018-10-26,7642.2
2018-10-29,7650.8
2018-10-30,7629.1
2018-10-31,7621.1
2018-11-01,7617.6
2018-11-02,7591.1
2018-11-05,7610.4
2018-11-06,7621.1
2018-11-07,7623.2
2018-11-08,7616.8
2018-11-09,7614.0
2018-11-12,7639.1
2018-11-13,7650.4
2018-11-14,7670.5
2018-11-15,7690.6
2018-11-16,7678.8
2018-11-19,7709.3
2018-11-20,7733.5
2018-11-21,7737.1
2018-11-22,7739.2
2018-11-23,7687.9
2018-11-26,7677.8
2018-11-27,7676.7
2018-11-28,7671.5
2018-11-29,7647.5
2018-11-30,7621.1
2018-12-03,7630.0
2018-12-04,7631.0
2018-12-05,7632.4
2018-12-06,7646.5
2018-12-07,7631.7
2018-12-10,7639.5
2018-12-11,7634.7
2018-12-12,7626.9
2018-12-13,7627.7
2018-12-14,7589.1
2018-12-17,7598.8
2018-12-18,7599.7
2018-12-19,7581.9
2018-12-20,7595.5
2018-12-21,7576.6
2018-12-24,7578.3
2018-12-25,7565.6
2018-12-26,7560.0
2018-12-27,7551.8
2018-12-28,7489.9
2019-01-02,7497.7
2019-01-03,7489.8
2019-01-04,7501.8
2019-01-07,7509.8
2019-01-08,7504.1
2019-01-09,7493.4
2019-01-10,7490.2
2019-01-11,7472.6
2019-01-14,7477.9
2019-01-15,7471.0
2019-01-16,7447.2
2019-01-17,7434.9
2019-01-18,7402.3
2019-01-21,7399.7
2019-01-22,7414.8
2019-01-23,7410.4
2019-01-24,7403.0
2019-01-25,7351.1
2019-01-28,7330.1
2019-01-29,7303.9
2019-01-30,7270.5
2019-01-31,7219.0
2019-02-01,7109.3
2019-02-11,7160.0
2019-02-12,7193.0
2019-02-13,7243.3
2019-02-14,7281.1
2019-02-15,7323.9
2019-02-18,7375.0
2019-02-19,7435.0
2019-02-20,7480.3
2019-02-21,7517.8
2019-02-22,7572.1
2019-02-25,7751.7
2019-02-26,7849.2
2019-02-27,7947.8
2019-02-28,7965.0
2019-03-01,7962.3
2019-03-04,8070.4
2019-03-05,8203.1
2019-03-06,8332.9
2019-03-07,8495.0
2019-03-08,8551.4
2019-03-11,8684.6
2019-03-12,8772.4
2019-03-13,8811.6
2019-03-14,8800.0
2019-03-15,8773.2
2019-03-18,8835.8
2019-03-19,8891.4
2019-03-20,8928.0
2019-03-21,9022.8
2019-03-22,9016.8
2019-03-25,9095.0
2019-03-26,9083.3
2019-03-27,9105.5
2019-03-28,9113.9
2019-03-29,9132.2
2019-04-01,9214.8
2019-04-02,9294.5
2019-04-03,9353.6
2019-04-04,9370.1
2019-04-08,9511.4
2019-04-09,9556.0
2019-04-10,9602.8
2019-04-11,9599.6
2019-04-12,9571.5
2019-04-15,9591.1
2019-04-16,9664.8
2019-04-17,9718.7
2019-04-18,9741.5
2019-04-19,9755.8
2019-04-22,9800.9
2019-04-23,9784.9
2019-04-24,9822.7
2019-04-25,9769.2
2019-04-26,9738.9
2019-04-29,9643.0
2019-04-30,9524.9
2019-05-06,9419.6
2019-05-07,9372.8
2019-05-08,9362.6
2019-05-09,9346.8
2019-05-10,9342.3
2019-05-13,9310.2
2019-05-14,9300.2
2019-05-15,9301.8
2019-05-16,9299.3
2019-05-17,9244.7
2019-05-20,9242.2
2019-05-21,9252.3
2019-05-22,9234.6
2019-05-23,9206.4
2019-05-24,9163.7
2019-05-27,9209.0
2019-05-28,9187.6
2019-05-29,9190.9
2019-05-30,9184.5
2019-05-31,9147.9
2019-06-03,9131.6
2019-06-04,9095.2
2019-06-05,9073.3
2019-06-06,9017.9
2019-06-10,9012.8
2019-06-11,9029.7
2019-06-12,9047.5
2019-06-13,9064.1
2019-06-14,9018.6
2019-06-17,9019.0
2019-06-18,9006.0
2019-06-19,8997.7
2019-06-20,9020.1
2019-06-21,9010.9
2019-06-24,9051.0
2019-06-25,9066.8
2019-06-26,9062.3
2019-06-27,9065.4
2019-06-28,9019.4
2019-07-01,9068.9
2019-07-02,9083.4
2019-07-03,9112.0
2019-07-04,9113.3
2019-07-05,9092.4
2019-07-08,9084.9
2019-07-09,9074.7
2019-07-10,9068.1
2019-07-11,9045.5
2019-07-12,9023.12
2019-07-15,9046.12
2019-07-16,9043.95
2019-07-17,9053.42
2019-07-18,9035.39
2019-07-19,9013.58
2019-07-22,8982.5
2019-07-23,8967.28
2019-07-24,8974.42
2019-07-25,8979.12
2019-07-26,8960.02
2019-07-29,8984.44
2019-07-30,8979.45
2019-07-31,8974.65
2019-08-01,8980.59
2019-08-02,8946.17
2019-08-05,8950.15
2019-08-06,8902.54
2019-08-07,8865.22
2019-08-08,8846.38
2019-08-09,8808.17
2019-08-12,8817.87
2019-08-13,8822.4
2019-08-14,8831.48
2019-08-15,8822.42
2019-08-16,8822.27
2019-08-19,8930.3
2019-08-20,8975.16
2019-08-21,9005.97
2019-08-22,9039.46
2019-08-23,9030.21
2019-08-26,9070.05
2019-08-27,9087.6
2019-08-28,9114.71
2019-08-29,9145.53
2019-08-30,9134.56
2019-09-02,9181.57
2019-09-03,9208.81
2019-09-04,9242.4
2019-09-05,9308.75
2019-09-06,9317.64
2019-09-09,9427.66
2019-09-10,9480.21
2019-09-11,9510.03
2019-09-12,9468.39
2019-09-16,9546.55
2019-09-17,9562.27
2019-09-18,9574.21
2019-09-19,9602.01
2019-09-20,9577.09
2019-09-23,9604.52
2019-09-24,9604.28
2019-09-25,9572.46
2019-09-26,9521.32
2019-09-27,9473.83
2019-09-30,9372.55
2019-10-08,9426.17
2019-10-09,9441.5
2019-10-10,9467.81
2019-10-11,9444.19
2019-10-14,9507.62
2019-10-15,9494.18
2019-10-16,9502.45
2019-10-17,9503.36
2019-10-18,9471.23
2019-10-21,9474.24
2019-10-22,9485.34
2019-10-23,9492.18
2019-10-24,9504.68
2019-10-25,9507.85
2019-10-28,9562.0
2019-10-29,9555.35
2019-10-30,9553.82
2019-10-31,9532.28
2019-11-01,9531.88
2019-11-04,9551.17
2019-11-05,9566.95
2019-11-06,9568.3
2019-11-07,9580.72
2019-11-08,9561.92
2019-11-11,9545.23
2019-11-12,9539.39
2019-11-13,9549.83
2019-11-14,9569.14
2019-11-15,9535.12
2019-11-18,9546.14
2019-11-19,9578.01
2019-11-20,9584.69
2019-11-21,9592.18
2019-11-22,9554.16
2019-11-25,9550.82
2019-11-26,9519.62
2019-11-27,9537.52
2019-11-28,9524.76
2019-11-29,9519.79
2019-12-02,9533.57
2019-12-03,9555.75
2019-12-04,9563.84
2019-12-05,9588.33
2019-12-06,9590.95
2019-12-09,9626.76
2019-12-10,9649.44
2019-12-11,9667.31
2019-12-12,9682.06
2019-12-13,9678.4
2019-12-16,9771.24
2019-12-17,9854.67
2019-12-18,9929.6
2019-12-19,9968.63
2019-12-20,9946.11
2019-12-23,9966.83
2019-12-24,9965.73
2019-12-25,9983.06
2019-12-26,10012.58
2019-12-27,9994.82
2019-12-30,10054.52
2019-12-31,10054.69
2020-01-02,10106.54
2020-01-03,10122.11
2020-01-06,10227.21
2020-01-07,10270.87
2020-01-08,10301.56
2020-01-09,10332.69
2020-01-10,10320.43
2020-01-13,10376.59
2020-01-14,10402.21
2020-01-15,10430.76
2020-01-16,10439.07
2020-01-17,10411.3
2020-01-20,10450.14
2020-01-21,10444.15
2020-01-22,10442.58
2020-01-23,10269.1
2020-02-03,10155.47
2020-02-04,10141.07
2020-02-05,10149.09
2020-02-06,10238.62
2020-02-07,10273.23
2020-02-10,10325.06
2020-02-11,10306.07
2020-02-12,10372.38
2020-02-13,10397.44
2020-02-14,10389.28
2020-02-17,10507.96
2020-02-18,10620.39
2020-02-19,10645.76
2020-02-20,10755.69
2020-02-21,10828.06
2020-02-24,10963.32
2020-02-25,11077.7
2020-02-26,11108.98
2020-02-27,11092.32
2020-02-28,10878.6
2020-03-02,10962.82
2020-03-03,11020.23
2020-03-04,11051.31
2020-03-05,11150.44
2020-03-06,11107.98
2020-03-09,11078.68
2020-03-10,11132.41
2020-03-11,11113.12
2020-03-12,11079.04
2020-03-13,10994.3
2020-03-16,10821.18
2020-03-17,10837.27
2020-03-18,10745.83
2020-03-19,10788.89
2020-03-20,10730.73
2020-03-23,10631.96
2020-03-24,10623.63
2020-03-25,10636.51
2020-03-26,10594.65
2020-03-27,10537.05
2020-03-30,10500.49
2020-03-31,10474.06
2020-04-01,10429.78
2020-04-02,10443.17
2020-04-03,10374.73
2020-04-07,10429.54
2020-04-08,10426.24
2020-04-09,10444.55
2020-04-10,10378.27
2020-04-13,10373.6
2020-04-14,10376.56
2020-04-15,10378.34
2020-04-16,10399.64
2020-04-17,10376.81
2020-04-20,10414.03
2020-04-21,10424.63
2020-04-22,10454.75
2020-04-23,10453.31
2020-04-24,10388.1
2020-04-27,10368.86
2020-04-28,10326.17
2020-04-29,10285.15
2020-04-30,10216.0
2020-05-06,10334.91
2020-05-07,10394.43
2020-05-08,10409.4
2020-05-11,10471.06
2020-05-12,10500.51
2020-05-13,10531.33
2020-05-14,10548.57
2020-05-15,10542.94
2020-05-18,10552.81
2020-05-19,10588.8
2020-05-20,10588.37
2020-05-21,10581.94
2020-05-22,10532.63
2020-05-25,10534.85
2020-05-26,10559.29
2020-05-27,10554.65
2020-05-28,10546.25
2020-05-29,10518.88
2020-06-01,10619.97
2020-06-02,10661.33
2020-06-03,10688.97
2020-06-04,10708.32
2020-06-05,10698.18
2020-06-08,10743.24
2020-06-09,10760.35
2020-06-10,10780.76
2020-06-11,10809.74
2020-06-12,10807.4
2020-06-15,10850.39
2020-06-16,10921.92
2020-06-17,10958.01
2020-06-18,11006.76
2020-06-19,11007.36
2020-06-22,11114.27
2020-06-23,11155.66
2020-06-24,11104.95
2020-06-29,11193.71
2020-06-30,11313.35
2020-07-01,11421.49
2020-07-02,11550.08
2020-07-03,11667.63
2020-07-06,12035.02
2020-07-07,12299.23
2020-07-08,12606.69
2020-07-09,12846.43
2020-07-10,13013.41
2020-07-13,13318.77
2020-07-14,13449.75
2020-07-15,13464.56
2020-07-16,13418.93
2020-07-17,13347.91
2020-07-20,13445.18
2020-07-21,13448.76
2020-07-22,13503.42
2020-07-23,13580.46
2020-07-24,13411.2
2020-07-27,13449.25
2020-07-28,13458.46
2020-07-29,13583.03
2020-07-30,13652.47
2020-07-31,13719.47
2020-08-03,13940.82
2020-08-04,13979.43
2020-08-05,14087.26
2020-08-06,14126.37
2020-08-07,14036.33
2020-08-10,14083.37
2020-08-11,14028.31
2020-08-12,13990.55
2020-08-13,14005.6
2020-08-14,13937.09
2020-08-17,14100.1
2020-08-18,14172.15
2020-08-19,14170.16
2020-08-20,14156.56
2020-08-21,14138.52
2020-08-24,14200.88
2020-08-25,14189.53
2020-08-26,14126.18
2020-08-27,14145.5
2020-08-28,14157.74
2020-08-31,14256.66
2020-09-01,14282.91
2020-09-02,14362.84
2020-09-03,14361.28
2020-09-04,14332.72
2020-09-07,14314.0
2020-09-08,14296.24
2020-09-09,14254.08
2020-09-10,14144.25
2020-09-11,14112.89
2020-09-14,14131.99
2020-09-15,14140.54
2020-09-16,14132.34
2020-09-17,14155.24
2020-09-18,14167.45
2020-09-21,14179.7
2020-09-22,14174.6
2020-09-23,14199.14
2020-09-24,14186.23
2020-09-25,14141.52
2020-09-28,14090.67
2020-09-29,14052.91
2020-09-30,13885.96
2020-10-09,13994.57
2020-10-12,14113.5
2020-10-13,14200.45
2020-10-14,14268.0
2020-10-15,14279.01
2020-10-16,14238.2
2020-10-19,14256.76
2020-10-20,14283.8
2020-10-21,14274.75
2020-10-22,14292.39
2020-10-23,14195.58
2020-10-26,14170.77
2020-10-27,14171.78
2020-10-28,14199.1
2020-10-29,14224.17
2020-10-30,14148.41
2020-11-02,14163.35
2020-11-03,14193.65
2020-11-04,14230.03
2020-11-05,14284.43
2020-11-06,14285.03
2020-11-09,14393.2
2020-11-10,14416.99
2020-11-11,14400.2
2020-11-12,14396.37
2020-11-13,14388.97
2020-11-16,14443.3
2020-11-17,14458.64
2020-11-18,14474.16
2020-11-19,14463.48
2020-11-20,14451.36
2020-11-23,14541.46
2020-11-24,14586.78
2020-11-25,14604.38
2020-11-26,14573.22
2020-11-27,14524.15
2020-11-30,14571.4
2020-12-01,14629.62
2020-12-02,14695.0
2020-12-03,14701.14
2020-12-04,14690.68
2020-12-07,14739.76
2020-12-08,14740.39
2020-12-09,14691.36
2020-12-10,14685.7
2020-12-11,14638.61
2020-12-14,14667.01
2020-12-15,14669.12
2020-12-16,14674.67
2020-12-17,14702.2
2020-12-18,14715.99
2020-12-21,14776.41
2020-12-22,14784.94
2020-12-23,14823.87
2020-12-24,14825.1
2020-12-25,14828.28
2020-12-28,14857.7
2020-12-29,14795.04
2020-12-30,14830.65
2020-12-31,14819.95
2021-01-04,15059.72
2021-01-05,15155.43
2021-01-06,15211.31
2021-01-07,15274.53
2021-01-08,15263.85
2021-01-11,15288.28
2021-01-12,15370.58
2021-01-13,15402.3
2021-01-14,15386.48
2021-01-15,15365.06
2021-01-18,15444.76
2021-01-19,15480.2
2021-01-20,15528.67
2021-01-21,15608.8
2021-01-22,15603.03
2021-01-25,15664.86
2021-01-26,15602.61
2021-01-27,15595.69
2021-01-28,15551.66
2021-01-29,15401.83
2021-02-01,15382.58
2021-02-02,15382.31
2021-02-03,15370.19
2021-02-04,15280.26
2021-02-05,15177.19
2021-02-08,15142.85
2021-02-09,15167.32
2021-02-10,14987.39
2021-02-18,15217.05
2021-02-19,15277.08
2021-02-22,15404.16
2021-02-23,15386.67
2021-02-24,15394.43
2021-02-25,15375.78
2021-02-26,15303.41
2021-03-01,15341.08
2021-03-02,15362.06
2021-03-03,15361.48
2021-03-04,15326.57
2021-03-05,15262.61
2021-03-08,15249.39
2021-03-09,15167.33
2021-03-10,15100.27
2021-03-11,15124.78
2021-03-12,15078.02
2021-03-15,15115.85
2021-03-16,15098.26
2021-03-17,15108.01
2021-03-18,15092.85
2021-03-19,15074.9
2021-03-22,15127.04
2021-03-23,15113.14
2021-03-24,15117.72
2021-03-25,15078.53
2021-03-26,15055.35
2021-03-29,15072.57
2021-03-30,15074.95
2021-03-31,15096.84
2021-04-01,15072.3
2021-04-02,15040.56
2021-04-06,15108.23
2021-04-07,15164.38
2021-04-08,15170.44
2021-04-09,15148.24
2021-04-12,15139.28
2021-04-13,15086.18
2021-04-14,15098.86
2021-04-15,15107.76
2021-04-16,15085.43
2021-04-19,15133.31
2021-04-20,15157.51
2021-04-21,15169.88
2021-04-22,15200.22
2021-04-23,15159.59
2021-04-26,15190.6
2021-04-27,15166.1
2021-04-28,15181.1
2021-04-29,15155.19
2021-04-30,15025.21
2021-05-06,15111.31
2021-05-07,15096.5
2021-05-10,15149.38
2021-05-11,15166.87
2021-05-12,15203.02
2021-05-13,15220.67
2021-05-14,15226.44
2021-05-17,15272.97
2021-05-18,15327.31
2021-05-19,15386.53
2021-05-20,15397.77
2021-05-21,15390.9
2021-05-24,15448.74
2021-05-25,15442.49
2021-05-26,15497.18
2021-05-27,15564.82
2021-05-28,15593.97
2021-05-31,15695.52
2021-06-01,15775.14
2021-06-02,15789.13
2021-06-03,15799.88
2021-06-04,15773.92
2021-06-07,15850.8
2021-06-08,15857.14
2021-06-09,15865.1
2021-06-10,15910.66
2021-06-11,15871.54
2021-06-15,15943.8
2021-06-16,15893.15
2021-06-17,15922.43
2021-06-18,15949.15
2021-06-21,16019.4
2021-06-22,16081.14
2021-06-23,16116.5
2021-06-24,16128.9
2021-06-25,16118.08
2021-06-28,16207.9
2021-06-29,16246.87
2021-06-30,16281.19
2021-07-01,16181.05
2021-07-02,16160.33
2021-07-05,16223.55
2021-07-06,16222.19
2021-07-07,16291.25
2021-07-08,16336.52
2021-07-09,16355.47
2021-07-12,16445.32
2021-07-13,16498.0
2021-07-14,16504.86
2021-07-15,16500.88
2021-07-16,16469.37
2021-07-19,16485.85
2021-07-20,16504.47
2021-07-21,16590.0
2021-07-22,16663.45
2021-07-23,16649.92
2021-07-26,16679.01
2021-07-27,16599.99
2021-07-28,16443.58
2021-07-29,16483.03
2021-07-30,16473.72
2021-08-02,16588.69
2021-08-03,16576.2
2021-08-04,16658.46
2021-08-05,16701.34
2021-08-06,16706.77
2021-08-09,16770.03
2021-08-10,16784.82
2021-08-11,16856.99
2021-08-12,16925.77
2021-08-13,16897.66
2021-08-16,16912.27
2021-08-17,16825.98
2021-08-18,16838.79
2021-08-19,16820.69
2021-08-20,16794.51
2021-08-23,16932.87
2021-08-24,16981.43
2021-08-25,17020.81
2021-08-26,17058.25
2021-08-27,17013.97
2021-08-30,17084.69
2021-08-31,17066.52
2021-09-01,17080.14
2021-09-02,17106.83
2021-09-03,17043.09
2021-09-06,17130.19
2021-09-07,17200.93
2021-09-08,17308.39
2021-09-09,17396.37
2021-09-10,17414.96
2021-09-13,17527.24
2021-09-14,17543.12
2021-09-15,17583.61
2021-09-16,17478.4
2021-09-17,17295.21
2021-09-22,17365.19
2021-09-23,17413.97
2021-09-24,17319.49
2021-09-27,17193.79
2021-09-28,17161.08
2021-09-29,17054.15
2021-09-30,16853.08
2021-10-08,16961.13
2021-10-11,16995.55
2021-10-12,16955.97
2021-10-13,16927.16
2021-10-14,16944.0
2021-10-15,16892.64
2021-10-18,16965.76
2021-10-19,16997.86
2021-10-20,17046.7
2021-10-21,17047.32
2021-10-22,16986.72
2021-10-25,17054.95
2021-10-26,17084.11
2021-10-27,17096.01
2021-10-28,17005.17
2021-10-29,16967.97
2021-11-01,17012.38
2021-11-02,16957.31
2021-11-03,16927.81
2021-11-04,16972.13
2021-11-05,16872.95
2021-11-08,16927.17
2021-11-09,16959.21
2021-11-10,16979.69
2021-11-11,16991.2
2021-11-12,16980.06
2021-11-15,17000.26
2021-11-16,16966.36
2021-11-17,17006.28
2021-11-18,17019.78
2021-11-19,17003.22
2021-11-22,17112.26
2021-11-23,17148.37
2021-11-24,17186.54
2021-11-25,17212.64
2021-11-26,17177.7
2021-11-29,17204.95
2021-11-30,17239.23
2021-12-01,17269.28
2021-12-02,17249.89
2021-12-03,17231.09
2021-12-06,17225.54
2021-12-07,17195.91
2021-12-08,17222.21
2021-12-09,17225.26
2021-12-10,17239.65
2021-12-13,17288.02
2021-12-14,17309.47
2021-12-15,17327.71
2021-12-16,17328.27
2021-12-17,17260.67
2021-12-20,17238.38
2021-12-21,17220.1
2021-12-22,17232.45
2021-12-23,17239.08
2021-12-24,17149.63
2021-12-27,17184.32
2021-12-28,17212.41
2021-12-29,17211.38
2021-12-30,17213.27
2021-12-31,17120.06
2022-01-04,17190.37
2022-01-05,17163.11
2022-01-06,17179.05
2022-01-07,17026.91
2022-01-10,17045.26
2022-01-11,17035.92
2022-01-12,17057.79
2022-01-13,17052.33
2022-01-14,17009.12
2022-01-17,17053.19
2022-01-18,17020.02
2022-01-19,16987.53
2022-01-20,16884.55
2022-01-21,16764.84
2022-01-24,16739.81
2022-01-25,16648.35
2022-01-26,16575.07
2022-01-27,16483.84
2022-01-28,16202.38
2022-02-07,16237.82
2022-02-08,16224.67
2022-02-09,16251.03
2022-02-10,16241.49
2022-02-11,16179.4
2022-02-14,16209.57
2022-02-15,16217.05
2022-02-16,16232.55
2022-02-17,16236.36
2022-02-18,16198.68
2022-02-21,16268.05
2022-02-22,16296.65
2022-02-23,16362.07
2022-02-24,16314.68
2022-02-25,16295.24
2022-02-28,16310.99
2022-03-01,16326.41
2022-03-02,16346.13
2022-03-03,16334.42
2022-03-04,16281.06
2022-03-07,16313.45
2022-03-08,16294.0
2022-03-09,16215.76
2022-03-10,16194.76
2022-03-11,16133.6
2022-03-14,16147.56
2022-03-15,16023.52
2022-03-16,15980.15
2022-03-17,15938.08
2022-03-18,15867.23
2022-03-21,15914.51
2022-03-22,15916.87
2022-03-23,15917.21
2022-03-24,15912.59
2022-03-25,15871.85
2022-03-28,15859.28
2022-03-29,15838.12
2022-03-30,15864.05
2022-03-31,15806.68
2022-04-01,15700.05
2022-04-06,15762.97
2022-04-07,15723.93
2022-04-08,15665.3
2022-04-11,15588.68
2022-04-12,15565.57
2022-04-13,15514.34
2022-04-14,15502.05
2022-04-15,15413.95
2022-04-18,15410.08
2022-04-19,15400.6
2022-04-20,15396.91
2022-04-21,15296.16
2022-04-22,15169.84
2022-04-25,14934.31
2022-04-26,14654.7
2022-04-27,14540.19
2022-04-28,14444.54
2022-04-29,14337.64
2022-05-05,14397.6
2022-05-06,14387.84
2022-05-09,14408.76
2022-05-10,14423.48
2022-05-11,14465.92
2022-05-12,14458.92
2022-05-13,14437.21
2022-05-16,14453.87
2022-05-17,14449.86
2022-05-18,14464.17
2022-05-19,14467.28
2022-05-20,14437.01
2022-05-23,14494.7
2022-05-24,14472.29
2022-05-25,14487.86
2022-05-26,14486.93
2022-05-27,14437.8
2022-05-30,14449.9
2022-05-31,14445.49
2022-06-01,14442.65
2022-06-02,14406.99
2022-06-06,14498.86
2022-06-07,14533.48
2022-06-08,14561.36
2022-06-09,14580.81
2022-06-10,14569.9
2022-06-13,14665.19
2022-06-14,14704.76
2022-06-15,14754.11
2022-06-16,14790.17
2022-06-17,14769.24
2022-06-20,14831.3
2022-06-21,14809.11
2022-06-22,14850.36
2022-06-23,14880.06
2022-06-24,14868.3
2022-06-27,14960.93
2022-06-28,15046.65
2022-06-29,15052.23
2022-06-30,15097.45
2022-07-01,15071.91
2022-07-04,15153.6
2022-07-05,15187.24
2022-07-06,15231.67
2022-07-07,15276.82
2022-07-08,15234.17
2022-07-11,15244.87
2022-07-12,15222.88
2022-07-13,15246.24
2022-07-14,15264.13
2022-07-15,15212.03
2022-07-18,15263.4
2022-07-19,15292.7
2022-07-20,15310.79
2022-07-21,15306.48
2022-07-22,15275.33
2022-07-25,15270.16
2022-07-26,15270.24
2022-07-27,15309.57
2022-07-28,15312.44
2022-07-29,15277.13
2022-08-01,15305.19
2022-08-02,15184.65
2022-08-03,15153.93
2022-08-04,15177.43
2022-08-05,15145.83
2022-08-08,15186.23
2022-08-09,15231.89
2022-08-10,15263.49
2022-08-11,15278.3
2022-08-12,15223.19
2022-08-15,15277.77
2022-08-16,15304.82
2022-08-17,15330.84
2022-08-18,15362.7
2022-08-19,15307.59
2022-08-22,15319.82
2022-08-23,15348.92
2022-08-24,15293.52
2022-08-25,15262.79
2022-08-26,15207.06
2022-08-29,15220.5
2022-08-30,15210.74
2022-08-31,15107.46
2022-09-01,15068.22
2022-09-02,15035.38
2022-09-05,15044.67
2022-09-06,15046.16
2022-09-07,15066.98
2022-09-08,15052.7
2022-09-09,14971.82
2022-09-13,14993.96
2022-09-14,14990.47
2022-09-15,14934.72
2022-09-16,14879.04
2022-09-19,14850.32
2022-09-20,14858.14
2022-09-21,14864.32
2022-09-22,14845.28
2022-09-23,14771.2
2022-09-26,14726.59
2022-09-27,14712.46
2022-09-28,14640.46
2022-09-29,14599.18
2022-09-30,14436.11
2022-10-10,14442.99
2022-10-11,14434.8
2022-10-12,14448.49
2022-10-13,14458.01
2022-10-14,14439.85
2022-10-17,14463.71
2022-10-18,14484.86
2022-10-19,14503.67
2022-10-20,14509.55
2022-10-21,14467.54
2022-10-24,14496.9
2022-10-25,14495.68
2022-10-26,14535.5
2022-10-27,14526.0
2022-10-28,14412.2
2022-10-31,14428.48
2022-11-01,14464.74
2022-11-02,14477.31
2022-11-03,14521.82
2022-11-04,14531.75
2022-11-07,14588.64
2022-11-08,14632.53
2022-11-09,14657.81
2022-11-10,14663.51
2022-11-11,14599.29
2022-11-14,14604.74
2022-11-15,14637.27
2022-11-16,14655.91
2022-11-17,14684.03
2022-11-18,14650.68
2022-11-21,14711.8
2022-11-22,14711.99
2022-11-23,14716.56
2022-11-24,14716.51
2022-11-25,14645.04
2022-11-28,14642.4
2022-11-29,14661.08
2022-11-30,14643.68
2022-12-01,14655.87
2022-12-02,14638.52
2022-12-05,14707.69
2022-12-06,14715.93
2022-12-07,14742.79
2022-12-08,14742.23
2022-12-09,14715.83
2022-12-12,14768.76
2022-12-13,14768.17
2022-12-14,14746.95
2022-12-15,14771.95
2022-12-16,14715.49
2022-12-19,14697.52
2022-12-20,14700.0
2022-12-21,14662.55
2022-12-22,14617.61
2022-12-23,14562.05
2022-12-26,14583.94
2022-12-27,14563.32
2022-12-28,14529.98
2022-12-29,14524.61
2022-12-30,14445.24
2023-01-03,14495.26
2023-01-04,14505.57
2023-01-05,14522.29
2023-01-06,14491.71
2023-01-09,14514.76
2023-01-10,14512.28
2023-01-11,14497.17
2023-01-12,14476.36
2023-01-13,14430.85
2023-01-16,14433.57
2023-01-17,14419.56
2023-01-18,14386.99
2023-01-19,14363.75
2023-01-20,14187.91
2023-01-30,14392.09
2023-01-31,14450.81
2023-02-01,14531.36
2023-02-02,14577.22
2023-02-03,14581.28
2023-02-06,14641.66
2023-02-07,14694.89
2023-02-08,14709.65
2023-02-09,14728.29
2023-02-10,14707.29
2023-02-13,14769.28
2023-02-14,14806.41
2023-02-15,14838.42
2023-02-16,14811.24
2023-02-17,14767.93
2023-02-20,14821.9
2023-02-21,14845.44
2023-02-22,14877.44
2023-02-23,14882.82
2023-02-24,14866.22
2023-02-27,14874.4
2023-02-28,14881.0
2023-03-01,14911.55
2023-03-02,14913.3
2023-03-03,14883.59
2023-03-06,14940.37
2023-03-07,14919.76
2023-03-08,14936.32
2023-03-09,14958.07
2023-03-10,14904.56
2023-03-13,14922.68
2023-03-14,14943.27
2023-03-15,14945.71
2023-03-16,14942.23
2023-03-17,14930.05
2023-03-20,14957.23
2023-03-21,14976.24
2023-03-22,15012.73
2023-03-23,15050.87
2023-03-24,15073.04
2023-03-27,15154.35
2023-03-28,15170.02
2023-03-29,15157.91
2023-03-30,15167.0
2023-03-31,15129.93
2023-04-03,15229.45
2023-04-04,15244.3
2023-04-06,15325.47
2023-04-07,15304.2
2023-04-10,15321.12
2023-04-11,15333.78
2023-04-12,15394.68
2023-04-13,15394.04
2023-04-14,15382.95
2023-04-17,15420.14
2023-04-18,15430.46
2023-04-19,15454.22
2023-04-20,15486.64
2023-04-21,15416.96
2023-04-24,15445.7
2023-04-25,15369.77
2023-04-26,15321.27
2023-04-27,15241.55
2023-04-28,15139.16
2023-05-04,15245.41
2023-05-05,15207.22
2023-05-08,15264.03
2023-05-09,15278.61
2023-05-10,15283.18
2023-05-11,15274.31
2023-05-12,15214.47
2023-05-15,15235.68
2023-05-16,15221.33
2023-05-17,15231.77
2023-05-18,15266.77
2023-05-19,15223.69
2023-05-22,15215.2
2023-05-23,15192.77
2023-05-24,15201.72
2023-05-25,15192.21
2023-05-26,15164.47
2023-05-29,15178.87
2023-05-30,15173.76
2023-05-31,15189.06
2023-06-01,15196.45
2023-06-02,15147.16
2023-06-05,15171.3
2023-06-06,15134.93
2023-06-07,15136.96
2023-06-08,15114.13
2023-06-09,15090.01
2023-06-12,15122.12
2023-06-13,15118.88
2023-06-14,15107.76
2023-06-15,15100.34
2023-06-16,15072.81
2023-06-19,15134.85
2023-06-20,15164.78
2023-06-21,15073.57
2023-06-26,15055.14
2023-06-27,15047.18
2023-06-28,15001.99
2023-06-29,15010.44
2023-06-30,14954.96
2023-07-03,14984.68
2023-07-04,15007.91
2023-07-05,15017.25
2023-07-06,15025.46
2023-07-07,14983.33
2023-07-10,14989.98
2023-07-11,14993.48
2023-07-12,14965.31
2023-07-13,14947.93
2023-07-14,14933.61
2023-07-17,14955.81
2023-07-18,14956.96
2023-07-19,14958.74
2023-07-20,14907.94
2023-07-21,14855.88
2023-07-24,14855.2
2023-07-25,14851.16
2023-07-26,14837.61
2023-07-27,14823.51
2023-07-28,14792.29
2023-07-31,14862.76
2023-08-01,14881.11
2023-08-02,14910.95
2023-08-03,14927.75
2023-08-04,14933.03
2023-08-07,14987.77
2023-08-08,14987.24
2023-08-09,14965.74
2023-08-10,14959.57
2023-08-11,14906.07
2023-08-14,14905.88
2023-08-15,14903.22
2023-08-16,14878.34
2023-08-17,14889.19
2023-08-18,14842.14
2023-08-21,14840.34
2023-08-22,14841.88
2023-08-23,14814.54
2023-08-24,14791.98
2023-08-25,14694.53
2023-08-28,14756.17
2023-08-29,14786.85
2023-08-30,14795.23
2023-08-31,14773.27
2023-09-01,14725.05
2023-09-04,14763.32
2023-09-05,14781.65
2023-09-06,14800.48
2023-09-07,14781.78
2023-09-08,14739.56
2023-09-11,14994.97
2023-09-12,15080.37
2023-09-13,15129.55
2023-09-14,15148.85
2023-09-15,15164.0
2023-09-18,15197.74
2023-09-19,15198.21
2023-09-20,15199.1
2023-09-21,15207.85
2023-09-22,15211.52
2023-09-25,15247.18
2023-09-26,15245.61
2023-09-27,15265.34
2023-09-28,15096.95
2023-10-09,15216.27
2023-10-10,15279.95
2023-10-11,15333.98
2023-10-12,15371.78
2023-10-13,15357.28
2023-10-16,15400.17
2023-10-17,15405.96
2023-10-18,15395.6
2023-10-19,15399.89
2023-10-20,15370.58
2023-10-23,15365.52
2023-10-24,15383.91
2023-10-25,15393.91
2023-10-26,15394.66
2023-10-27,15370.49
2023-10-30,15467.68
2023-10-31,15494.62
2023-11-01,15529.56
2023-11-02,15506.95
2023-11-03,15468.54
2023-11-06,15563.22
2023-11-07,15620.14
2023-11-08,15693.0
2023-11-09,15705.66
2023-11-10,15699.87
2023-11-13,15756.98
2023-11-14,15811.21
2023-11-15,15855.48
2023-11-16,15864.18
2023-11-17,15861.24
2023-11-20,15942.73
2023-11-21,15947.13
2023-11-22,15955.14
2023-11-23,15964.27
2023-11-24,15914.1
2023-11-27,15928.07
2023-11-28,15933.11
2023-11-29,15952.96
2023-11-30,15925.04
2023-12-01,15923.76
2023-12-04,15941.26
2023-12-05,15937.51
2023-12-06,15942.1
2023-12-07,15955.87
2023-12-08,15920.07
2023-12-11,15954.24
2023-12-12,15979.33
2023-12-13,15999.0
2023-12-14,15977.17
2023-12-15,15962.84
2023-12-18,15942.26
2023-12-19,15953.3
2023-12-20,15910.93
2023-12-21,15925.39
2023-12-22,15846.35
2023-12-25,15846.22
2023-12-26,15823.39
2023-12-27,15833.35
2023-12-28,15864.71
2023-12-29,15792.86
2024-01-02,15850.03
2024-01-03,15859.34
2024-01-04,15881.92
2024-01-05,15797.82
2024-01-08,15802.01
2024-01-09,15768.37
2024-01-10,15741.32
2024-01-11,15749.09
2024-01-12,15698.46
2024-01-15,15708.32
2024-01-16,15682.95
2024-01-17,15677.34
2024-01-18,15609.91
2024-01-19,15536.66
2024-01-22,15385.8
2024-01-23,15345.05
2024-01-24,15322.79
2024-01-25,15363.71
2024-01-26,15313.81
2024-01-29,15278.77
2024-01-30,15199.07
2024-01-31,15005.19
2024-02-01,14890.64
2024-02-02,14599.28
2024-02-05,14204.53
2024-02-06,14053.17
2024-02-07,13921.52
2024-02-08,13751.7
2024-02-19,13906.24
2024-02-20,13966.89
2024-02-21,14021.89
2024-02-22,14079.75
2024-02-23,14126.98
2024-02-26,14213.96
2024-02-27,14324.63
2024-02-28,14356.59
2024-02-29,14408.92
2024-03-01,14430.75
2024-03-04,14528.03
2024-03-05,14482.5
2024-03-06,14534.97
2024-03-07,14516.45
2024-03-08,14529.25
2024-03-11,14609.21
2024-03-12,14681.9
2024-03-13,14751.98
2024-03-14,14763.02
2024-03-15,14765.31
2024-03-18,14901.27
2024-03-19,14938.03
2024-03-20,15006.95
2024-03-21,15062.77
2024-03-22,15041.84
2024-03-25,15034.55
2024-03-26,15024.53
2024-03-27,14984.85
2024-03-28,15020.97
2024-03-29,14964.08
2024-04-01,15037.9
2024-04-02,15052.46
2024-04-03,14986.17
2024-04-08,15036.13
2024-04-09,15042.86
2024-04-10,15010.96
2024-04-11,14995.69
2024-04-12,14958.49
2024-04-15,14932.55
2024-04-16,14858.44
2024-04-17,14905.87
2024-04-18,14928.88
2024-04-19,14883.43
2024-04-22,14889.14
2024-04-23,14858.96
2024-04-24,14859.2
2024-04-25,14853.51
2024-04-26,14819.27
2024-04-29,14875.97
2024-04-30,14740.02
2024-05-06,14890.69
2024-05-07,14920.3
2024-05-08,14958.47
2024-05-09,14962.66
2024-05-10,14946.83
2024-05-13,14965.6
2024-05-14,14981.17
2024-05-15,14964.71
2024-05-16,14991.05
2024-05-17,14945.7
2024-05-20,14973.94
2024-05-21,14988.19
2024-05-22,15009.2
2024-05-23,14986.9
2024-05-24,14920.73
2024-05-27,14920.75
2024-05-28,14922.99
2024-05-29,14917.12
2024-05-30,14907.73
2024-05-31,14883.04
2024-06-03,14869.61
2024-06-04,14834.01
2024-06-05,14823.08
2024-06-06,14761.62
2024-06-07,14697.46
2024-06-11,14744.14
2024-06-12,14761.55
2024-06-13,14769.5
2024-06-14,14728.42
2024-06-17,14759.52
2024-06-18,14789.67
2024-06-19,14788.6
2024-06-20,14760.08
2024-06-21,14708.7
2024-06-24,14652.03
2024-06-25,14589.08
2024-06-26,14589.3
2024-06-27,14555.31
2024-06-28,14493.15
2024-07-01,14490.99
2024-07-02,14499.48
2024-07-03,14489.7
2024-07-04,14424.09
2024-07-05,14374.71
2024-07-08,14327.7
2024-07-09,14323.54
2024-07-10,14302.52
2024-07-11,14331.37
2024-07-12,14284.04
2024-07-15,14265.03
2024-07-16,14261.26
2024-07-17,14210.64
2024-07-18,14163.38
2024-07-19,14107.86
2024-07-22,14144.91
2024-07-23,14118.4
2024-07-24,14093.2
2024-07-25,14091.39
2024-07-26,14059.5
2024-07-29,14079.97
2024-07-30,14084.54
2024-07-31,14137.07
2024-08-01,14159.89
2024-08-02,14118.34
2024-08-05,14063.55
2024-08-06,14080.25
2024-08-07,14077.64
2024-08-08,14062.96
2024-08-09,14044.82
2024-08-12,14031.47
2024-08-13,14041.42
2024-08-14,14049.56
2024-08-15,14028.88
2024-08-16,13999.05
2024-08-19,14000.8
2024-08-20,13983.13
2024-08-21,13965.38
2024-08-22,13906.93
2024-08-23,13851.77
2024-08-26,13849.7
2024-08-27,13813.53
2024-08-28,13797.28
2024-08-29,13804.62
2024-08-30,13814.26
2024-09-02,13828.76
2024-09-03,13824.18
2024-09-04,13810.87
2024-09-05,13806.58
2024-09-06,13753.87
2024-09-09,13758.66
2024-09-10,13759.5
2024-09-11,13741.23
2024-09-12,13729.44
2024-09-13,13642.95
2024-09-18,13630.79821352
2024-09-19,13650.17675642
2024-09-20,13614.23512542
2024-09-23,13609.78238483
2024-09-24,13626.60059081
2024-09-25,13625.07158363
2024-09-26,13661.72164674
2024-09-27,13857.64063567
2024-09-30,14306.74421632
2024-10-08,15407.38242477
2024-10-09,15780.78692579
2024-10-10,15794.91846706
2024-10-11,15716.03419156
2024-10-14,15780.25390257
2024-10-15,15801.80757603
2024-10-16,15818.94417092
2024-10-17,15855.64488144
2024-10-18,16016.37590591
2024-10-21,16253.86001528
2024-10-22,16334.83758053
2024-10-23,16418.58453012
2024-10-24,16493.56874059
2024-10-25,16545.57466397
2024-10-28,16708.67771206
2024-10-29,16770.55667639
2024-10-30,16883.21245367
2024-10-31,16990.29012878
2024-11-01,16913.17878669
2024-11-04,17067.20456348
2024-11-05,17294.09721305
2024-11-06,17521.57884387
2024-11-07,17764.60029445
2024-11-08,17944.39529012
2024-11-11,18310.6401722
2024-11-12,18352.05633047
2024-11-13,18428.23798972
2024-11-14,18355.55131197
2024-11-15,18261.93029342
2024-11-18,18228.11380614
2024-11-19,18257.69490967
2024-11-20,18310.9663191
2024-11-21,18342.92039654
2024-11-22,18220.1661772
2024-11-25,18267.28625256
2024-11-26,18213.69766392
2024-11-27,18245.86253084
2024-11-28,18282.89338423
2024-11-29,18338.13841701
2024-12-02,18452.47088076
2024-12-03,18484.2395578
2024-12-04,18475.76903808
2024-12-05,18547.70962461
2024-12-06,18532.58646411
2024-12-09,18567.08392249
2024-12-10,18704.43652041
2024-12-11,18758.33611599
2024-12-12,18826.38490225
2024-12-13,18739.94826865
2024-12-16,18742.9887592
2024-12-17,18683.90135651
2024-12-18,18697.03750754
2024-12-19,18704.70690596
2024-12-20,18750.58735614
2024-12-23,18690.23675789
2024-12-24,18703.74415769
2024-12-25,18693.51672287
2024-12-26,18705.18507326
2024-12-27,18664.32856948
2024-12-30,18696.76964158
2024-12-31,18541.13832246
2025-01-02,18471.11312818
2025-01-03,18293.6076426
2025-01-06,18213.12209328
2025-01-07,18215.67664804
2025-01-08,18171.58683164
2025-01-09,18167.27132747
2025-01-10,18078.65516242
2025-01-13,18070.25741375
2025-01-14,18185.36392266
2025-01-15,18202.94407996
2025-01-16,18214.67164856
2025-01-17,18147.6006517
2025-01-20,18156.71363694
2025-01-21,18169.89352879
2025-01-22,18151.59995338
2025-01-23,18099.60825885
2025-01-24,17987.77889538
2025-01-27,17645.17829814
2025-02-05,17843.73687975
2025-02-06,17990.02996659
2025-02-07,18100.52579116
2025-02-10,18291.81322252
2025-02-11,18353.30379653
2025-02-12,18425.3531814
2025-02-13,18417.10991553
2025-02-14,18423.01410258
2025-02-17,18583.7130915
2025-02-18,18514.19773152
2025-02-19,18615.33053984
2025-02-20,18683.28707267
2025-02-21,18744.86980062
2025-02-24,18864.14701833
2025-02-25,18931.33213183
2025-02-26,19031.3678962
2025-02-27,19049.97692241
2025-02-28,18871.39059488
2025-03-03,18863.65608542
2025-03-04,18882.78950423
2025-03-05,18917.06399228
2025-03-06,19087.98897789
2025-03-07,18992.47180364
2025-03-10,19089.59076962
2025-03-11,19106.7225451
2025-03-12,19223.62821664
2025-03-13,19162.33236817
2025-03-14,19174.70041308
2025-03-17,19296.10931442
2025-03-18,19378.53472273
2025-03-19,19381.21131691
2025-03-20,19402.33856917
2025-03-21,19261.17447498
2025-03-24,19204.31663362
2025-03-25,19177.22148574
2025-03-26,19183.83657348
2025-03-27,19150.72815726
2025-03-28,19112.96714246
2025-03-31,19075.34839223
2025-04-01,19027.88247408
2025-04-02,19007.68132959
2025-04-03,18919.47827243
2025-04-07,18439.84099092
2025-04-08,18053.66204744
2025-04-09,17995.4504016
2025-04-10,18023.00059682
2025-04-11,17982.68548796
2025-04-14,18070.841268
2025-04-15,18075.74789972
2025-04-16,18023.94867712
2025-04-17,17989.8154036
2025-04-18,17926.98728487
2025-04-21,17984.25772024
2025-04-22,17977.45336697
2025-04-23,17997.70829095
2025-04-24,17968.54841885
2025-04-25,17914.52307958
2025-04-28,17926.55722507
2025-04-29,17913.04935982
2025-04-30,17756.95810486
2025-05-06,17900.65622274
2025-05-07,17972.86030559
2025-05-08,17971.37656142
2025-05-09,17924.37652382
2025-05-12,17970.50857896
2025-05-13,17983.77036723
2025-05-14,17995.40178828
2025-05-15,17967.28438089
2025-05-16,17948.450354
2025-05-19,17984.41563192
2025-05-20,18006.95858048
2025-05-21,17989.45185416
2025-05-22,17968.39932025
2025-05-23,17893.10907817
2025-05-26,17940.03392818
2025-05-27,17984.04338507
2025-05-28,17986.90909863
2025-05-29,17975.62105784
2025-05-30,17892.13313003
2025-06-03,17926.81966564
2025-06-04,17949.20451681
2025-06-05,17995.19292151
2025-06-06,17964.02830667
2025-06-09,18038.49527083
2025-06-10,18047.69728908
2025-06-11,18065.91506428
2025-06-12,18089.79094738
2025-06-13,18044.46837522
2025-06-16,18100.37545026
2025-06-17,18153.08003889
2025-06-18,18166.4661974
2025-06-19,18091.66667992
2025-06-20,18009.34111882
2025-06-23,18051.57607555
2025-06-24,18102.88120665
2025-06-25,18172.06196318
2025-06-26,18265.34802469
2025-06-27,18274.40060393
2025-06-30,18381.27949525
2025-07-01,18418.95469527
2025-07-02,18429.80960966
2025-07-03,18463.81619055
2025-07-04,18400.40301087
2025-07-07,18463.98708308
2025-07-08,18518.85559708
2025-07-09,18557.2841944
2025-07-10,18604.94713535
2025-07-11,18625.75003617
2025-07-14,18723.11571404
2025-07-15,18772.50155815
2025-07-16,18840.70374223
2025-07-17,18911.41884063
2025-07-18,18891.5008822
2025-07-21,19045.47516665
2025-07-22,19195.93746212
2025-07-23,19222.509105
2025-07-24,19283.46353749
2025-07-25,19338.16434423
2025-07-28,19530.76965894
2025-07-29,19683.98699864
2025-07-30,19705.66669044
2025-07-31,19709.97316791
2025-08-01,19662.64624571
2025-08-04,19775.9601457
2025-08-05,19863.02473422
2025-08-06,19953.23891658
2025-08-07,19989.07566646
2025-08-08,19953.47665829
2025-08-11,20121.87521751
2025-08-12,20203.51173481
2025-08-13,20320.4521848
2025-08-14,20410.39498494
2025-08-15,20487.62163467
2025-08-18,20880.80283807
2025-08-19,21174.79666493
2025-08-20,21329.39896722
2025-08-21,21319.23983622
2025-08-22,21400.95656693
2025-08-25,21729.3654329
2025-08-26,21921.24241148
2025-08-27,22123.15552411
2025-08-28,22284.01025535
2025-08-29,22454.28551384
2025-09-01,22808.1608096
2025-09-02,22723.54732623
2025-09-03,22739.01751529
2025-09-04,22641.97255372
2025-09-05,22712.92004357
2025-09-08,22975.26281057
2025-09-09,23034.76809785
2025-09-10,23092.49367573
2025-09-11,23236.6053018
2025-09-12,23349.40166601
2025-09-15,23532.74758316
2025-09-16,23757.84088916
2025-09-17,23884.92868473
2025-09-18,23857.28153001
2025-09-19,23815.76763521
2025-09-22,24008.08152367
2025-09-23,24000.03339293
2025-09-24,24140.83737812
2025-09-25,24273.69726118
2025-09-26,24080.13185024
2025-09-29,24123.90840135
2025-09-30,23783.43659032
2025-10-09,24292.1501376
2025-10-10,24256.46715521
2025-10-13,24278.86305841
2025-10-14,24302.19702577
2025-10-15,24325.32759828
2025-10-16,24401.22541227
2025-10-17,24128.18377759
2025-10-20,24132.13342086
2025-10-21,24272.65961326
2025-10-22,24355.25801195
2025-10-23,24339.02396839
2025-10-24,24397.64646962
2025-10-27,24642.62486891
2025-10-28,24769.63956171
2025-10-29,24885.46905174
2025-10-30,24811.48967821
2025-10-31,24687.92065809
2025-11-03,24769.94657806
2025-11-04,24736.76682515
2025-11-05,24735.32975959
2025-11-06,24805.37437493
2025-11-07,24755.14634982
2025-11-10,24831.41322363
2025-11-11,24871.48110444
2025-11-12,24840.68195485
2025-11-13,24881.3622404
2025-11-14,24746.7898559
2025-11-17,24822.98327692
2025-11-18,24848.78526513
2025-11-19,24803.00791083
2025-11-20,24743.60560853
2025-11-21,24451.50931891
2025-11-24,24422.70814192
2025-11-25,24462.59087982
2025-11-26,24522.35380596
2025-11-27,24549.84571917
2025-11-28,24564.6790958
2025-12-01,24666.97530888
2025-12-02,24688.92648642
2025-12-03,24651.79071694
2025-12-04,24664.77944611
2025-12-05,24640.99171396
2025-12-08,24827.28739574
2025-12-09,24928.81337906
2025-12-10,24963.89775545
2025-12-11,24901.28879083
2025-12-12,24837.13103897
2025-12-15,24885.51166093
2025-12-16,24880.91580938
2025-12-17,24858.56678519
2025-12-18,24825.31539058
2025-12-19,24871.24398244
2025-12-22,24997.09945718
2025-12-23,25145.67132091
2025-12-24,25246.92764852
2025-12-25,25284.67346836
2025-12-26,25264.289838
2025-12-29,25348.07855626
2025-12-30,25385.18278729
2025-12-31,25241.46174935
2026-01-05,25434.31435157
2026-01-06,25623.05221743
2026-01-07,25872.00078356
2026-01-08,26031.42603088
2026-01-09,26099.20611284
2026-01-12,26559.70945537
2026-01-13,26653.70819198
2026-01-14,26806.04378106
2026-01-15,27012.15803422
2026-01-16,27144.05974227
2026-01-19,27059.0299323
2026-01-20,26919.88447209
2026-01-21,27036.89681396
2026-01-22,27075.07603262
2026-01-23,27061.03879348
2026-01-26,27079.82607505
2026-01-27,27058.63097101
2026-01-28,27252.17258843
2026-01-29,27221.86609951
2026-01-30,26986.4210084
2026-02-02,26926.64497337
2026-02-03,26898.27369304
2026-02-04,26758.85192503
2026-02-05,26640.5363964
2026-02-06,26470.32185388
2026-02-09,26475.54276122
2026-02-10,26437.25945137
2026-02-11,26278.07665393
2026-02-12,26293.20094149
2026-02-13,25723.61330282
2026-02-24,26062.47888065
2026-02-25,26298.84411112
2026-02-26,26499.52501791
2026-02-27,26518.39712602
2026-03-02,26562.7577427
2026-03-03,26337.74107434
2026-03-04,26254.78464528
2026-03-05,26338.18701545
2026-03-06,26276.56029257
2026-03-09,26275.05670263
2026-03-10,26372.77415902
2026-03-11,26426.73254515
2026-03-12,26459.29042052
2026-03-13,26332.4249563
2026-03-16,26429.81166176
2026-03-17,26339.73371274
2026-03-18,26365.14285912
2026-03-19,26322.2769413
2026-03-20,26148.19006325
2026-03-23,26033.07936533
2026-03-24,25964.0936507
2026-03-25,25995.68364269
2026-03-26,25987.31017051
2026-03-27,25907.83074851
2026-03-30,25985.82189271
2026-03-31,25904.44664965
2026-04-01,25911.96089526
2026-04-02,25801.98718761
2026-04-03,25627.13097915
2026-04-07,25665.79024528
2026-04-08,25828.41523584
2026-04-09,25901.93793769
2026-04-10,25954.95502135
2026-04-13,26115.90536161
2026-04-14,26278.72634876
2026-04-15,26380.60722337
2026-04-16,26488.97995459
2026-04-17,26511.854521
2026-04-20,26803.34221901
2026-04-21,26867.8962543
2026-04-22,27004.30301496
2026-04-23,27042.02146277
2026-04-24,26929.62765693
2026-04-27,27085.4382053
2026-04-28,27086.63695733
2026-04-29,27124.55318432
2026-04-30,26955.46748141
2026-05-06,27367.35482032
2026-05-07,27663.35929098
2026-05-08,27823.12773215
2026-05-11,28130.25119017
2026-05-12,28298.51244707
2026-05-13,28528.38829865
2026-05-14,28619.90990051
2026-05-15,28561.59668158
2026-05-18,28718.79189866
2026-05-19,28770.64739354
2026-05-20,28835.94201909
2026-05-21,28752.54303919
2026-05-22,28781.92783008
2026-05-25,29035.10169873
2026-05-26,29108.21915743
2026-05-27,29149.0285168
2026-05-28,29206.31252614
2026-05-29,28909.35547659
2026-06-01,28833.82909005
2026-06-02,28847.03980237
2026-06-03,28932.06976315
2026-06-04,28996.91973979
2026-06-05,28857.02315956
2026-06-08,28623.37631623
2026-06-09,28661.68354854
2026-06-10,28579.66561485
2026-06-11,28526.92719444
2026-06-12,28523.03785755
2026-06-15,28763.53316242
2026-06-16,29028.71157525
2026-06-17,29309.3930029
2026-06-18,29437.72231836
2026-06-22,29728.253952
2026-06-23,29789.59926991
2026-06-24,29926.42644093
2026-06-25,30101.6090274
2026-06-26,29895.01807463
2026-06-29,29808.63688968
2026-06-30,29970.51017258
2026-07-01,30069.79879205
2026-07-02,30004.48636567
2026-07-03,29807.12932254
2026-07-06,29701.40612025
2026-07-07,29570.22709754
2026-07-08,29381.00394405
2026-07-09,29341.48515608
2026-07-10,29227.86873824
2026-07-13,28891.14272134
2026-07-14,28780.97668002
2026-07-15,28663.32691217
2026-07-16,28376.22775587
2026-07-17,27575.44154296
2026-07-20,26977.54345309
2026-07-21,26978.52606795
2026-07-22,26985.96780509
2026-07-23,26888.31553022
2026-07-24,26665.73447092
2026-07-27,26766.47788583
2026-07-28,26468.71473317
2026-07-29,26212.79475642
2026-07-30,25844.79733104
2026-07-31,25890.81732587
2026-08-03,25803.46293375
2026-08-04,25923.04486523
2026-08-05,26045.27335168
2026-08-06,26155.56874854
2026-08-07,26225.33361208
2026-08-10,26366.04466997
2026-08-11,26379.07355341
2026-08-12,26473.69138512
2026-08-13,26497.25100007
2026-08-14,26478.69309936
2026-08-17,26656.52576777
2026-08-18,26708.49591556
2026-08-19,26411.3099667
2026-08-20,26395.00368567
2026-08-21,26332.93098109
2026-08-24,26290.51620343
2026-08-25,26283.51672543
2026-08-26,26250.28202795
2026-08-27,26363.81829746
2026-08-28,26302.22014595
2026-08-31,26354.61315125
2026-09-01,26369.05565241
