date,close,asi,coverage,zone
2021-09-02,8668.81,47.8,0.25,Neutral
2021-09-03,8637.23,46.5,0.25,Neutral
2021-09-06,8704.54,44.8,0.25,Neutral
2021-09-07,8863.9,51.5,0.25,Neutral
2021-09-08,8933.11,66.1,0.25,Optimistic
2021-09-09,8936.58,55.5,0.25,Neutral
2021-09-10,8937.92,57.0,0.25,Neutral
2021-09-13,9006.96,55.4,0.25,Neutral
2021-09-14,8953.77,45.4,0.25,Neutral
2021-09-15,9062.78,45.0,0.25,Neutral
2021-09-16,8853.33,37.8,0.25,Neutral
2021-09-17,8835.32,36.8,0.25,Neutral
2021-09-22,8901.86,36.1,0.25,Neutral
2021-09-23,8914.83,39.8,0.25,Neutral
2021-09-24,8722.93,26.7,0.25,Pessimistic
2021-09-27,8394.24,23.7,0.25,Pessimistic
2021-09-28,8407.65,27.3,0.25,Pessimistic
2021-09-29,8081.24,28.9,0.25,Pessimistic
2021-09-30,8324.5,28.3,0.25,Pessimistic
2021-10-08,8391.58,30.9,0.25,Neutral
2021-10-11,8341.75,42.0,0.25,Neutral
2021-10-12,8145.98,35.3,0.25,Neutral
2021-10-13,8184.31,48.3,0.25,Neutral
2021-10-14,8263.64,41.8,0.25,Neutral
2021-10-15,8223.32,38.5,0.25,Neutral
2021-10-18,8350.58,44.0,0.25,Neutral
2021-10-19,8415.66,53.7,0.25,Neutral
2021-10-20,8455.4,54.2,0.25,Neutral
2021-10-21,8430.43,50.2,0.25,Neutral
2021-10-22,8332.71,49.0,0.25,Neutral
2021-10-25,8445.75,47.0,0.25,Neutral
2021-10-26,8421.26,44.1,0.25,Neutral
2021-10-27,8331.52,39.9,0.25,Neutral
2021-10-28,8130.09,34.1,0.25,Neutral
2021-10-29,8262.26,42.5,0.25,Neutral
2021-11-01,8378.53,41.7,0.25,Neutral
2021-11-02,8262.46,39.0,0.25,Neutral
2021-11-03,8288.63,43.1,0.25,Neutral
2021-11-04,8410.44,55.7,0.25,Neutral
2021-11-05,8310.52,48.0,0.25,Neutral
2021-11-08,8380.43,44.2,0.25,Neutral
2021-11-09,8505.66,52.9,0.25,Neutral
2021-11-10,8534.08,53.4,0.25,Neutral
2021-11-11,8594.02,50.3,0.25,Neutral
2021-11-12,8710.79,59.3,0.25,Neutral
2021-11-15,8712.89,58.0,0.25,Neutral
2021-11-16,8617.7,48.0,0.25,Neutral
2021-11-17,8790.4,52.4,0.25,Neutral
2021-11-18,8779.04,50.9,0.25,Neutral
2021-11-19,8865.46,47.5,0.25,Neutral
2021-11-22,9001.23,52.6,0.25,Neutral
2021-11-23,9003.75,57.7,0.25,Neutral
2021-11-24,8998.39,49.0,0.25,Neutral
2021-11-25,8984.74,48.5,0.25,Neutral
2021-11-26,9010.61,45.6,0.25,Neutral
2021-11-29,9076.93,41.9,0.25,Neutral
2021-11-30,9157.21,46.0,0.25,Neutral
2021-12-01,9197.13,47.5,0.25,Neutral
2021-12-02,9072.54,44.8,0.25,Neutral
2021-12-03,9125.86,44.6,0.25,Neutral
2021-12-06,8984.85,38.6,0.25,Neutral
2021-12-07,8834.15,29.6,0.25,Pessimistic
2021-12-08,8990.82,33.9,0.25,Neutral
2021-12-09,8985.45,38.9,0.25,Neutral
2021-12-10,9037.29,38.4,0.25,Neutral
2021-12-13,9096.98,47.2,0.25,Neutral
2021-12-14,9130.4,56.7,0.25,Neutral
2021-12-15,9138.38,49.9,0.25,Neutral
2021-12-16,9213.65,52.8,0.25,Neutral
2021-12-17,9125.26,48.0,0.25,Neutral
2021-12-20,8987.1,38.5,0.25,Neutral
2021-12-21,9121.85,42.7,0.25,Neutral
2021-12-22,9193.14,46.5,0.25,Neutral
2021-12-23,9191.03,41.8,0.25,Neutral
2021-12-24,9012.03,38.4,0.25,Neutral
2021-12-27,9039.61,45.6,0.25,Neutral
2021-12-28,9121.87,42.4,0.25,Neutral
2021-12-29,9117.74,39.2,0.25,Neutral
2021-12-30,9201.58,42.9,0.25,Neutral
2021-12-31,9272.58,55.0,0.25,Neutral
2022-01-04,9328.0,59.9,0.25,Neutral
2022-01-05,9133.48,45.5,0.25,Neutral
2022-01-06,9233.43,48.9,0.25,Neutral
2022-01-07,9041.02,36.6,0.25,Neutral
2022-01-10,9110.84,36.2,0.25,Neutral
2022-01-11,9042.18,31.3,0.25,Neutral
2022-01-12,9188.89,45.5,0.25,Neutral
2022-01-13,9084.0,37.2,0.25,Neutral
2022-01-14,9097.05,47.2,0.25,Neutral
2022-01-17,9268.45,50.7,0.25,Neutral
2022-01-18,9151.17,50.6,0.25,Neutral
2022-01-19,9112.49,40.6,0.25,Neutral
2022-01-20,8871.54,35.8,0.25,Neutral
2022-01-21,8739.16,31.0,0.25,Neutral
2022-01-24,8758.06,28.1,0.25,Pessimistic
2022-01-25,8373.98,29.2,0.25,Pessimistic
2022-01-26,8427.31,31.0,0.25,Neutral
2022-01-27,8157.63,32.7,0.25,Neutral
2022-01-28,8240.8,32.5,0.25,Neutral
2022-02-07,8337.22,32.3,0.25,Neutral
2022-02-08,8433.62,50.1,0.25,Neutral
2022-02-09,8591.95,53.6,0.25,Neutral
2022-02-10,8557.19,64.0,0.25,Optimistic
2022-02-11,8370.37,54.3,0.25,Neutral
2022-02-14,8368.67,48.9,0.25,Neutral
2022-02-15,8447.32,47.1,0.25,Neutral
2022-02-16,8551.08,43.9,0.25,Neutral
2022-02-17,8550.31,46.0,0.25,Neutral
2022-02-18,8611.04,55.0,0.25,Neutral
2022-02-21,8749.33,61.5,0.25,Optimistic
2022-02-22,8660.04,55.1,0.25,Neutral
2022-02-23,8819.03,55.9,0.25,Neutral
2022-02-24,8595.74,51.3,0.25,Neutral
2022-02-25,8680.31,47.9,0.25,Neutral
2022-02-28,8713.5,42.5,0.25,Neutral
2022-03-01,8771.09,48.1,0.25,Neutral
2022-03-02,8792.0,42.1,0.25,Neutral
2022-03-03,8741.75,51.5,0.25,Neutral
2022-03-04,8616.66,43.1,0.25,Neutral
2022-03-07,8467.99,36.6,0.25,Neutral
2022-03-08,8192.24,29.2,0.25,Pessimistic
2022-03-09,8106.33,28.5,0.25,Pessimistic
2022-03-10,8285.95,27.9,0.25,Pessimistic
2022-03-11,8336.39,34.5,0.25,Neutral
2022-03-14,8101.37,33.0,0.25,Neutral
2022-03-15,7691.13,31.4,0.25,Neutral
2022-03-16,7947.15,41.4,0.25,Neutral
2022-03-17,8106.9,38.7,0.25,Neutral
2022-03-18,8196.24,40.0,0.25,Neutral
2022-03-21,8304.81,56.3,0.25,Neutral
2022-03-22,8291.77,67.2,0.25,Optimistic
2022-03-23,8323.86,65.7,0.25,Optimistic
2022-03-24,8227.56,52.6,0.25,Neutral
2022-03-25,8177.0,46.2,0.25,Neutral
2022-03-28,8148.87,39.7,0.25,Neutral
2022-03-29,8088.9,38.0,0.25,Neutral
2022-03-30,8225.76,41.4,0.25,Neutral
2022-03-31,8176.75,44.7,0.25,Neutral
2022-04-01,8159.95,46.2,0.25,Neutral
2022-04-06,8210.07,49.6,0.25,Neutral
2022-04-07,8006.04,44.3,0.25,Neutral
2022-04-08,7948.21,34.9,0.25,Neutral
2022-04-11,7697.03,29.2,0.25,Pessimistic
2022-04-12,7811.22,31.7,0.25,Neutral
2022-04-13,7634.39,30.2,0.25,Neutral
2022-04-14,7706.56,35.1,0.25,Neutral
2022-04-15,7567.18,31.3,0.25,Neutral
2022-04-18,7625.03,45.8,0.25,Neutral
2022-04-19,7681.04,42.3,0.25,Neutral
2022-04-20,7572.33,46.7,0.25,Neutral
2022-04-21,7248.11,32.2,0.25,Neutral
2022-04-22,7143.99,34.4,0.25,Neutral
2022-04-25,6577.2,34.7,0.25,Neutral
2022-04-26,6356.05,35.2,0.25,Neutral
2022-04-27,6617.91,32.5,0.25,Neutral
2022-04-28,6531.7,34.3,0.25,Neutral
2022-04-29,6821.89,32.1,0.25,Neutral
2022-05-05,6953.25,66.9,0.25,Optimistic
2022-05-06,6876.5,66.1,0.25,Optimistic
2022-05-09,6991.17,63.0,0.25,Optimistic
2022-05-10,7124.75,65.5,0.25,Optimistic
2022-05-11,7153.31,69.5,0.25,Optimistic
2022-05-12,7212.84,60.4,0.25,Optimistic
2022-05-13,7251.37,63.5,0.25,Optimistic
2022-05-16,7273.1,60.7,0.25,Optimistic
2022-05-17,7277.78,53.0,0.25,Neutral
2022-05-18,7311.8,52.9,0.25,Neutral
2022-05-19,7364.12,52.8,0.25,Neutral
2022-05-20,7451.41,55.2,0.25,Neutral
2022-05-23,7567.98,59.3,0.25,Neutral
2022-05-24,7240.9,44.5,0.25,Neutral
2022-05-25,7397.47,48.7,0.25,Neutral
2022-05-26,7440.78,48.6,0.25,Neutral
2022-05-27,7441.6,44.4,0.25,Neutral
2022-05-30,7514.91,41.8,0.25,Neutral
2022-05-31,7586.2,63.3,0.25,Optimistic
2022-06-01,7627.74,56.7,0.25,Neutral
2022-06-02,7680.47,56.4,0.25,Neutral
2022-06-06,7820.59,64.1,0.25,Optimistic
2022-06-07,7802.39,59.8,0.25,Neutral
2022-06-08,7798.42,56.0,0.25,Neutral
2022-06-09,7666.75,46.3,0.25,Neutral
2022-06-10,7833.22,50.9,0.25,Neutral
2022-06-13,7902.22,47.5,0.25,Neutral
2022-06-14,7902.39,48.7,0.25,Neutral
2022-06-15,7861.83,47.7,0.25,Neutral
2022-06-16,7927.05,56.5,0.25,Neutral
2022-06-17,7991.31,50.3,0.25,Neutral
2022-06-20,8089.19,51.7,0.25,Neutral
2022-06-21,8023.63,48.8,0.25,Neutral
2022-06-22,7943.26,46.4,0.25,Neutral
2022-06-23,8117.0,51.6,0.25,Neutral
2022-06-24,8204.67,52.8,0.25,Neutral
2022-06-27,8286.63,51.4,0.25,Neutral
2022-06-28,8394.4,61.1,0.25,Optimistic
2022-06-29,8171.02,56.9,0.25,Neutral
2022-06-30,8243.06,48.1,0.25,Neutral
2022-07-01,8252.65,43.0,0.25,Neutral
2022-07-04,8330.93,42.1,0.25,Neutral
2022-07-05,8262.9,35.0,0.25,Neutral
2022-07-06,8176.62,42.5,0.25,Neutral
2022-07-07,8276.53,42.9,0.25,Neutral
2022-07-08,8257.3,42.1,0.25,Neutral
2022-07-11,8170.08,35.1,0.25,Neutral
2022-07-12,8033.57,32.2,0.25,Neutral
2022-07-13,8130.22,40.6,0.25,Neutral
2022-07-14,8203.61,39.3,0.25,Neutral
2022-07-15,8087.43,34.7,0.25,Neutral
2022-07-18,8268.66,47.6,0.25,Neutral
2022-07-19,8352.92,59.0,0.25,Neutral
2022-07-20,8448.08,56.7,0.25,Neutral
2022-07-21,8405.27,52.2,0.25,Neutral
2022-07-22,8378.16,56.3,0.25,Neutral
2022-07-25,8278.27,42.4,0.25,Neutral
2022-07-26,8379.3,42.7,0.25,Neutral
2022-07-27,8480.83,42.3,0.25,Neutral
2022-07-28,8538.16,47.5,0.25,Neutral
2022-07-29,8517.06,47.8,0.25,Neutral
2022-08-01,8574.94,54.3,0.25,Neutral
2022-08-02,8247.98,36.7,0.25,Neutral
2022-08-03,8187.3,28.7,0.25,Pessimistic
2022-08-04,8277.29,30.9,0.25,Neutral
2022-08-05,8371.94,35.4,0.25,Neutral
2022-08-08,8518.19,38.5,0.25,Neutral
2022-08-09,8549.85,54.3,0.25,Neutral
2022-08-10,8594.61,58.7,0.25,Neutral
2022-08-11,8690.2,60.4,0.25,Optimistic
2022-08-12,8633.04,53.8,0.25,Neutral
2022-08-15,8704.9,48.5,0.25,Neutral
2022-08-16,8790.93,52.4,0.25,Neutral
2022-08-17,8800.04,51.3,0.25,Neutral
2022-08-18,8844.62,48.3,0.25,Neutral
2022-08-19,8698.52,45.6,0.25,Neutral
2022-08-22,8757.84,43.6,0.25,Neutral
2022-08-23,8814.93,41.7,0.25,Neutral
2022-08-24,8496.51,28.8,0.25,Pessimistic
2022-08-25,8435.9,25.7,0.25,Pessimistic
2022-08-26,8392.38,30.9,0.25,Neutral
2022-08-29,8460.28,31.3,0.25,Neutral
2022-08-30,8400.45,27.2,0.25,Pessimistic
2022-08-31,8108.94,29.1,0.25,Pessimistic
2022-09-01,8075.0,31.6,0.25,Neutral
2022-09-02,8193.71,37.1,0.25,Neutral
2022-09-05,8217.59,35.3,0.25,Neutral
2022-09-06,8367.75,42.6,0.25,Neutral
2022-09-07,8420.57,58.0,0.25,Neutral
2022-09-08,8324.82,55.1,0.25,Neutral
2022-09-09,8306.24,48.4,0.25,Neutral
2022-09-13,8315.66,47.7,0.25,Neutral
2022-09-14,8225.69,39.2,0.25,Neutral
2022-09-15,7975.69,28.8,0.25,Pessimistic
2022-09-16,7803.69,31.5,0.25,Neutral
2022-09-19,7707.64,33.2,0.25,Neutral
2022-09-20,7837.61,32.3,0.25,Neutral
2022-09-21,7856.82,33.3,0.25,Neutral
2022-09-22,7853.85,42.1,0.25,Neutral
2022-09-23,7676.97,43.0,0.25,Neutral
2022-09-26,7560.48,42.9,0.25,Neutral
2022-09-27,7731.04,43.3,0.25,Neutral
2022-09-28,7487.21,34.8,0.25,Neutral
2022-09-29,7477.24,34.7,0.25,Neutral
2022-09-30,7364.67,38.1,0.25,Neutral
2022-10-10,7227.89,37.7,0.25,Neutral
2022-10-11,7296.41,35.9,0.25,Neutral
2022-10-12,7518.93,48.5,0.25,Neutral
2022-10-13,7590.16,51.6,0.25,Neutral
2022-10-14,7766.61,63.1,0.25,Optimistic
2022-10-17,7869.28,61.7,0.25,Optimistic
2022-10-18,7910.08,61.7,0.25,Optimistic
2022-10-19,7855.78,59.8,0.25,Neutral
2022-10-20,7806.02,54.8,0.25,Neutral
2022-10-21,7818.7,46.1,0.25,Neutral
2022-10-24,7740.38,39.5,0.25,Neutral
2022-10-25,7729.08,37.2,0.25,Neutral
2022-10-26,7883.8,45.6,0.25,Neutral
2022-10-27,7840.27,46.3,0.25,Neutral
2022-10-28,7551.99,34.1,0.25,Neutral
2022-10-31,7630.53,41.2,0.25,Neutral
2022-11-01,7821.98,49.3,0.25,Neutral
2022-11-02,7929.7,46.8,0.25,Neutral
2022-11-03,7971.16,49.6,0.25,Neutral
2022-11-04,8126.03,64.6,0.25,Optimistic
2022-11-07,8162.8,64.6,0.25,Optimistic
2022-11-08,8156.39,59.4,0.25,Neutral
2022-11-09,8160.09,53.4,0.25,Neutral
2022-11-10,8104.79,50.2,0.25,Neutral
2022-11-11,8115.43,44.5,0.25,Neutral
2022-11-14,8073.82,39.2,0.25,Neutral
2022-11-15,8246.25,48.2,0.25,Neutral
2022-11-16,8201.17,45.5,0.25,Neutral
2022-11-17,8229.9,49.5,0.25,Neutral
2022-11-18,8162.15,46.4,0.25,Neutral
2022-11-21,8217.83,49.7,0.25,Neutral
2022-11-22,8088.31,36.4,0.25,Neutral
2022-11-23,8056.55,37.3,0.25,Neutral
2022-11-24,8089.42,37.3,0.25,Neutral
2022-11-25,7991.21,36.5,0.25,Neutral
2022-11-28,7964.55,33.0,0.25,Neutral
2022-11-29,8093.46,44.8,0.25,Neutral
2022-11-30,8092.26,46.6,0.25,Neutral
2022-12-01,8161.51,48.3,0.25,Neutral
2022-12-02,8207.76,55.0,0.25,Neutral
2022-12-05,8256.49,61.4,0.25,Optimistic
2022-12-06,8214.63,49.6,0.25,Neutral
2022-12-07,8217.27,49.4,0.25,Neutral
2022-12-08,8171.94,44.0,0.25,Neutral
2022-12-09,8171.44,41.8,0.25,Neutral
2022-12-12,8157.07,38.6,0.25,Neutral
2022-12-13,8091.6,37.8,0.25,Neutral
2022-12-14,8060.31,36.4,0.25,Neutral
2022-12-15,8104.69,40.3,0.25,Neutral
2022-12-16,8008.13,36.4,0.25,Neutral
2022-12-19,7830.33,29.8,0.25,Pessimistic
2022-12-20,7781.61,32.4,0.25,Neutral
2022-12-21,7719.44,31.6,0.25,Neutral
2022-12-22,7594.4,29.3,0.25,Pessimistic
2022-12-23,7562.41,30.4,0.25,Neutral
2022-12-26,7707.31,40.2,0.25,Neutral
2022-12-27,7743.81,43.7,0.25,Neutral
2022-12-28,7659.52,43.3,0.25,Neutral
2022-12-29,7637.11,47.7,0.25,Neutral
2022-12-30,7677.64,50.6,0.25,Neutral
2023-01-03,7875.71,53.7,0.25,Neutral
2023-01-04,7894.4,53.0,0.25,Neutral
2023-01-05,7954.43,58.5,0.25,Neutral
2023-01-06,7956.38,60.1,0.25,Optimistic
2023-01-09,7997.59,57.3,0.25,Neutral
2023-01-10,7997.17,47.3,0.25,Neutral
2023-01-11,7933.87,45.2,0.25,Neutral
2023-01-12,7934.5,42.5,0.25,Neutral
2023-01-13,7953.85,42.7,0.25,Neutral
2023-01-16,8032.3,44.2,0.25,Neutral
2023-01-17,8025.63,42.9,0.25,Neutral
2023-01-18,8053.03,46.1,0.25,Neutral
2023-01-19,8109.15,48.4,0.25,Neutral
2023-01-20,8185.15,51.5,0.25,Neutral
2023-01-30,8292.67,58.6,0.25,Neutral
2023-01-31,8328.12,59.2,0.25,Neutral
2023-02-01,8472.51,66.7,0.25,Optimistic
2023-02-02,8493.99,65.2,0.25,Optimistic
2023-02-03,8493.54,59.4,0.25,Neutral
2023-02-06,8477.38,50.8,0.25,Neutral
2023-02-07,8528.29,52.0,0.25,Neutral
2023-02-08,8477.25,40.6,0.25,Neutral
2023-02-09,8607.68,45.6,0.25,Neutral
2023-02-10,8576.62,44.3,0.25,Neutral
2023-02-13,8666.49,49.3,0.25,Neutral
2023-02-14,8674.88,47.3,0.25,Neutral
2023-02-15,8700.14,51.4,0.25,Neutral
2023-02-16,8502.59,38.0,0.25,Neutral
2023-02-17,8441.03,36.4,0.25,Neutral
2023-02-20,8547.45,36.1,0.25,Neutral
2023-02-21,8588.23,37.2,0.25,Neutral
2023-02-22,8599.21,36.0,0.25,Neutral
2023-02-23,8562.3,44.1,0.25,Neutral
2023-02-24,8542.27,44.8,0.25,Neutral
2023-02-27,8474.07,38.8,0.25,Neutral
2023-02-28,8559.04,40.2,0.25,Neutral
2023-03-01,8627.46,42.9,0.25,Neutral
2023-03-02,8586.3,44.1,0.25,Neutral
2023-03-03,8571.5,43.7,0.25,Neutral
2023-03-06,8600.11,47.6,0.25,Neutral
2023-03-07,8413.24,36.7,0.25,Neutral
2023-03-08,8475.73,36.1,0.25,Neutral
2023-03-09,8479.46,37.9,0.25,Neutral
2023-03-10,8357.83,34.3,0.25,Neutral
2023-03-13,8396.39,34.6,0.25,Neutral
2023-03-14,8299.61,39.1,0.25,Neutral
2023-03-15,8357.1,38.4,0.25,Neutral
2023-03-16,8215.76,33.2,0.25,Neutral
2023-03-17,8286.71,41.2,0.25,Neutral
2023-03-20,8270.76,39.0,0.25,Neutral
2023-03-21,8389.24,47.9,0.25,Neutral
2023-03-22,8435.41,47.9,0.25,Neutral
2023-03-23,8440.39,55.3,0.25,Neutral
2023-03-24,8452.19,53.8,0.25,Neutral
2023-03-27,8471.75,56.5,0.25,Neutral
2023-03-28,8398.19,45.5,0.25,Neutral
2023-03-29,8369.68,41.7,0.25,Neutral
2023-03-30,8340.53,40.2,0.25,Neutral
2023-03-31,8437.32,43.3,0.25,Neutral
2023-04-03,8536.6,47.0,0.25,Neutral
2023-04-04,8481.12,49.8,0.25,Neutral
2023-04-06,8490.14,50.3,0.25,Neutral
2023-04-07,8577.06,53.4,0.25,Neutral
2023-04-10,8461.96,46.7,0.25,Neutral
2023-04-11,8491.66,41.8,0.25,Neutral
2023-04-12,8559.65,47.1,0.25,Neutral
2023-04-13,8495.74,45.0,0.25,Neutral
2023-04-14,8530.13,41.5,0.25,Neutral
2023-04-17,8515.1,46.3,0.25,Neutral
2023-04-18,8480.88,43.6,0.25,Neutral
2023-04-19,8452.66,40.0,0.25,Neutral
2023-04-20,8444.08,42.7,0.25,Neutral
2023-04-21,8197.22,30.6,0.25,Neutral
2023-04-24,8162.78,31.1,0.25,Neutral
2023-04-25,8001.24,27.6,0.25,Pessimistic
2023-04-26,8064.85,29.4,0.25,Pessimistic
2023-04-27,8048.7,29.4,0.25,Pessimistic
2023-04-28,8195.69,47.3,0.25,Neutral
2023-05-04,8234.47,51.4,0.25,Neutral
2023-05-05,8145.11,54.7,0.25,Neutral
2023-05-08,8205.27,54.8,0.25,Neutral
2023-05-09,8069.27,49.9,0.25,Neutral
2023-05-10,8110.62,43.1,0.25,Neutral
2023-05-11,8120.08,41.4,0.25,Neutral
2023-05-12,8013.86,41.3,0.25,Neutral
2023-05-15,8074.63,40.9,0.25,Neutral
2023-05-16,7992.9,43.6,0.25,Neutral
2023-05-17,8063.87,44.2,0.25,Neutral
2023-05-18,8114.7,45.9,0.25,Neutral
2023-05-19,8124.68,50.4,0.25,Neutral
2023-05-22,8133.27,47.9,0.25,Neutral
2023-05-23,8046.77,48.4,0.25,Neutral
2023-05-24,8039.99,45.1,0.25,Neutral
2023-05-25,8028.16,42.7,0.25,Neutral
2023-05-26,8092.98,44.3,0.25,Neutral
2023-05-29,8074.35,43.6,0.25,Neutral
2023-05-30,8124.6,48.9,0.25,Neutral
2023-05-31,8121.24,49.1,0.25,Neutral
2023-06-01,8144.44,51.1,0.25,Neutral
2023-06-02,8198.59,48.8,0.25,Neutral
2023-06-05,8225.91,49.7,0.25,Neutral
2023-06-06,8043.67,42.8,0.25,Neutral
2023-06-07,8077.09,43.7,0.25,Neutral
2023-06-08,8019.94,40.6,0.25,Neutral
2023-06-09,8079.21,40.3,0.25,Neutral
2023-06-12,8126.64,40.2,0.25,Neutral
2023-06-13,8164.18,50.2,0.25,Neutral
2023-06-14,8179.04,49.2,0.25,Neutral
2023-06-15,8211.72,53.2,0.25,Neutral
2023-06-16,8290.2,52.7,0.25,Neutral
2023-06-19,8325.09,51.9,0.25,Neutral
2023-06-20,8311.06,49.3,0.25,Neutral
2023-06-21,8142.66,44.1,0.25,Neutral
2023-06-26,7963.09,34.8,0.25,Neutral
2023-06-27,8093.38,36.7,0.25,Neutral
2023-06-28,8041.69,32.8,0.25,Neutral
2023-06-29,8119.47,36.4,0.25,Neutral
2023-06-30,8221.36,47.6,0.25,Neutral
2023-07-03,8233.12,58.7,0.25,Neutral
2023-07-04,8271.76,51.2,0.25,Neutral
2023-07-05,8206.88,51.5,0.25,Neutral
2023-07-06,8195.6,47.1,0.25,Neutral
2023-07-07,8137.47,41.0,0.25,Neutral
2023-07-10,8134.5,40.2,0.25,Neutral
2023-07-11,8201.8,40.4,0.25,Neutral
2023-07-12,8078.16,39.4,0.25,Neutral
2023-07-13,8153.75,42.8,0.25,Neutral
2023-07-14,8156.91,45.7,0.25,Neutral
2023-07-17,8134.27,44.4,0.25,Neutral
2023-07-18,8122.1,40.9,0.25,Neutral
2023-07-19,8100.63,45.0,0.25,Neutral
2023-07-20,7989.23,38.1,0.25,Neutral
2023-07-21,7966.99,37.2,0.25,Neutral
2023-07-24,7967.74,38.2,0.25,Neutral
2023-07-25,8083.89,43.4,0.25,Neutral
2023-07-26,8019.77,41.8,0.25,Neutral
2023-07-27,7956.86,44.4,0.25,Neutral
2023-07-28,8008.68,47.8,0.25,Neutral
2023-07-31,8078.28,53.1,0.25,Neutral
2023-08-01,8060.56,45.0,0.25,Neutral
2023-08-02,8052.57,47.7,0.25,Neutral
2023-08-03,8045.39,49.7,0.25,Neutral
2023-08-04,8084.02,49.9,0.25,Neutral
2023-08-07,8043.44,43.8,0.25,Neutral
2023-08-08,8010.48,42.8,0.25,Neutral
2023-08-09,7936.74,40.4,0.25,Neutral
2023-08-10,7941.98,40.6,0.25,Neutral
2023-08-11,7803.84,34.4,0.25,Neutral
2023-08-14,7845.82,37.5,0.25,Neutral
2023-08-15,7773.14,36.6,0.25,Neutral
2023-08-16,7677.56,36.3,0.25,Neutral
2023-08-17,7768.02,38.9,0.25,Neutral
2023-08-18,7617.87,39.2,0.25,Neutral
2023-08-21,7560.43,35.9,0.25,Neutral
2023-08-22,7620.25,40.5,0.25,Neutral
2023-08-23,7482.24,39.5,0.25,Neutral
2023-08-24,7490.55,35.6,0.25,Neutral
2023-08-25,7333.53,35.5,0.25,Neutral
2023-08-28,7389.27,40.2,0.25,Neutral
2023-08-29,7642.3,49.3,0.25,Neutral
2023-08-30,7705.82,60.1,0.25,Optimistic
2023-08-31,7658.87,55.0,0.25,Neutral
2023-09-01,7661.18,61.6,0.25,Optimistic
2023-09-04,7774.25,65.7,0.25,Optimistic
2023-09-05,7738.26,50.1,0.25,Neutral
2023-09-06,7780.28,47.8,0.25,Neutral
2023-09-07,7643.2,45.6,0.25,Neutral
2023-09-08,7670.62,45.8,0.25,Neutral
2023-09-11,7760.97,44.0,0.25,Neutral
2023-09-12,7761.79,45.2,0.25,Neutral
2023-09-13,7655.78,40.0,0.25,Neutral
2023-09-14,7603.86,44.5,0.25,Neutral
2023-09-15,7619.4,43.7,0.25,Neutral
2023-09-18,7638.35,40.1,0.25,Neutral
2023-09-19,7561.69,37.6,0.25,Neutral
2023-09-20,7501.08,40.0,0.25,Neutral
2023-09-21,7452.21,40.4,0.25,Neutral
2023-09-22,7601.87,44.9,0.25,Neutral
2023-09-25,7581.22,43.2,0.25,Neutral
2023-09-26,7552.76,45.7,0.25,Neutral
2023-09-27,7596.25,50.2,0.25,Neutral
2023-09-28,7673.69,55.2,0.25,Neutral
2023-10-09,7660.7,48.1,0.25,Neutral
2023-10-10,7651.45,49.7,0.25,Neutral
2023-10-11,7678.52,52.4,0.25,Neutral
2023-10-12,7724.67,51.0,0.25,Neutral
2023-10-13,7698.01,46.0,0.25,Neutral
2023-10-16,7635.51,45.0,0.25,Neutral
2023-10-17,7617.57,44.1,0.25,Neutral
2023-10-18,7475.93,36.5,0.25,Neutral
2023-10-19,7386.33,30.0,0.25,Neutral
2023-10-20,7288.86,29.2,0.25,Pessimistic
2023-10-23,7115.37,29.8,0.25,Pessimistic
2023-10-24,7256.99,29.3,0.25,Pessimistic
2023-10-25,7361.74,41.6,0.25,Neutral
2023-10-26,7404.24,49.3,0.25,Neutral
2023-10-27,7509.96,62.0,0.25,Optimistic
2023-10-30,7624.81,70.5,0.25,Optimistic
2023-10-31,7579.26,67.0,0.25,Optimistic
2023-11-01,7581.16,58.1,0.25,Neutral
2023-11-02,7488.14,51.3,0.25,Neutral
2023-11-03,7586.0,49.2,0.25,Neutral
2023-11-06,7756.22,53.2,0.25,Neutral
2023-11-07,7801.23,58.8,0.25,Neutral
2023-11-08,7838.22,62.4,0.25,Optimistic
2023-11-09,7777.22,62.6,0.25,Optimistic
2023-11-10,7758.22,52.5,0.25,Neutral
2023-11-13,7841.38,47.9,0.25,Neutral
2023-11-14,7905.01,49.2,0.25,Neutral
2023-11-15,7949.55,50.1,0.25,Neutral
2023-11-16,7884.79,48.7,0.25,Neutral
2023-11-17,7955.2,53.5,0.25,Neutral
2023-11-20,8027.47,53.7,0.25,Neutral
2023-11-21,7974.58,48.3,0.25,Neutral
2023-11-22,7880.94,40.2,0.25,Neutral
2023-11-23,7961.09,46.8,0.25,Neutral
2023-11-24,7861.53,39.0,0.25,Neutral
2023-11-27,7859.13,35.0,0.25,Neutral
2023-11-28,7904.29,39.3,0.25,Neutral
2023-11-29,7862.78,42.5,0.25,Neutral
2023-11-30,7813.36,36.6,0.25,Neutral
2023-12-01,7883.22,44.6,0.25,Neutral
2023-12-04,7875.04,44.6,0.25,Neutral
2023-12-05,7717.83,35.4,0.25,Neutral
2023-12-06,7758.44,39.1,0.25,Neutral
2023-12-07,7750.24,41.2,0.25,Neutral
2023-12-08,7709.5,35.9,0.25,Neutral
2023-12-11,7796.79,40.0,0.25,Neutral
2023-12-12,7816.69,47.3,0.25,Neutral
2023-12-13,7759.99,43.5,0.25,Neutral
2023-12-14,7725.88,42.6,0.25,Neutral
2023-12-15,7669.04,42.2,0.25,Neutral
2023-12-18,7549.14,34.3,0.25,Neutral
2023-12-19,7559.42,34.5,0.25,Neutral
2023-12-20,7447.0,33.1,0.25,Neutral
2023-12-21,7498.31,35.6,0.25,Neutral
2023-12-22,7387.02,33.6,0.25,Neutral
2023-12-25,7380.36,39.0,0.25,Neutral
2023-12-26,7269.01,35.2,0.25,Neutral
2023-12-27,7328.75,41.1,0.25,Neutral
2023-12-28,7459.99,44.1,0.25,Neutral
2023-12-29,7588.5,54.1,0.25,Neutral
2024-01-02,7562.02,53.5,0.25,Neutral
2024-01-03,7518.82,56.6,0.25,Neutral
2024-01-04,7483.23,50.8,0.25,Neutral
2024-01-05,7338.04,40.9,0.25,Neutral
2024-01-08,7179.09,31.9,0.25,Neutral
2024-01-09,7205.49,32.1,0.25,Neutral
2024-01-10,7133.99,31.9,0.25,Neutral
2024-01-11,7268.6,37.2,0.25,Neutral
2024-01-12,7213.38,41.4,0.25,Neutral
2024-01-15,7195.25,47.4,0.25,Neutral
2024-01-16,7160.0,45.4,0.25,Neutral
2024-01-17,6969.42,41.3,0.25,Neutral
2024-01-18,6933.86,31.9,0.25,Neutral
2024-01-19,6842.75,34.0,0.25,Neutral
2024-01-22,6432.32,33.5,0.25,Neutral
2024-01-23,6502.14,34.5,0.25,Neutral
2024-01-24,6582.27,33.0,0.25,Neutral
2024-01-25,6814.64,42.0,0.25,Neutral
2024-01-26,6763.65,44.8,0.25,Neutral
2024-01-29,6561.29,58.9,0.25,Neutral
2024-01-30,6370.17,44.7,0.25,Neutral
2024-01-31,6084.49,33.1,0.25,Neutral
2024-02-01,6022.27,34.3,0.25,Neutral
2024-02-02,5781.52,32.8,0.25,Neutral
2024-02-05,5346.77,30.6,0.25,Neutral
2024-02-06,5622.61,28.3,0.25,Pessimistic
2024-02-07,5712.37,27.7,0.25,Pessimistic
2024-02-08,6061.39,55.4,0.25,Neutral
2024-02-19,6196.45,75.9,0.25,Optimistic
2024-02-20,6245.52,68.6,0.25,Optimistic
2024-02-21,6292.42,73.9,0.25,Optimistic
2024-02-22,6412.44,68.3,0.25,Optimistic
2024-02-23,6551.19,71.2,0.25,Optimistic
2024-02-26,6616.74,73.7,0.25,Optimistic
2024-02-27,6793.4,70.7,0.25,Optimistic
2024-02-28,6419.37,65.5,0.25,Optimistic
2024-02-29,6672.93,67.4,0.25,Optimistic
2024-03-01,6760.13,61.6,0.25,Optimistic
2024-03-04,6802.29,59.6,0.25,Neutral
2024-03-05,6715.42,41.6,0.25,Neutral
2024-03-06,6752.05,66.5,0.25,Optimistic
2024-03-07,6663.79,46.1,0.25,Neutral
2024-03-08,6755.72,45.1,0.25,Neutral
2024-03-11,6882.75,50.7,0.25,Neutral
2024-03-12,6940.94,62.8,0.25,Optimistic
2024-03-13,6975.38,61.5,0.25,Optimistic
2024-03-14,6927.7,63.6,0.25,Optimistic
2024-03-15,7016.42,60.0,0.25,Optimistic
2024-03-18,7145.27,62.5,0.25,Optimistic
2024-03-19,7112.12,55.1,0.25,Neutral
2024-03-20,7189.07,56.2,0.25,Neutral
2024-03-21,7196.52,61.9,0.25,Optimistic
2024-03-22,7122.32,51.8,0.25,Neutral
2024-03-25,6944.03,31.8,0.25,Neutral
2024-03-26,6916.8,32.9,0.25,Neutral
2024-03-27,6678.66,25.2,0.25,Pessimistic
2024-03-28,6838.64,24.2,0.25,Pessimistic
2024-03-29,6918.47,32.7,0.25,Neutral
2024-04-01,7064.27,51.2,0.25,Neutral
2024-04-02,7023.14,51.3,0.25,Neutral
2024-04-03,6963.45,62.3,0.25,Optimistic
2024-04-08,6818.88,44.3,0.25,Neutral
2024-04-09,6911.42,43.6,0.25,Neutral
2024-04-10,6767.27,29.0,0.25,Pessimistic
2024-04-11,6784.52,32.3,0.25,Neutral
2024-04-12,6737.03,33.1,0.25,Neutral
2024-04-15,6581.29,31.3,0.25,Neutral
2024-04-16,6231.4,26.9,0.25,Pessimistic
2024-04-17,6566.73,34.2,0.25,Neutral
2024-04-18,6558.67,33.0,0.25,Neutral
2024-04-19,6528.21,34.4,0.25,Neutral
2024-04-22,6501.28,41.4,0.25,Neutral
2024-04-23,6499.92,60.0,0.25,Optimistic
2024-04-24,6622.73,48.5,0.25,Neutral
2024-04-25,6628.51,48.8,0.25,Neutral
2024-04-26,6747.25,59.6,0.25,Neutral
2024-04-29,6914.59,67.2,0.25,Optimistic
2024-04-30,6867.75,65.4,0.25,Optimistic
2024-05-06,7007.8,64.4,0.25,Optimistic
2024-05-07,7045.84,61.4,0.25,Optimistic
2024-05-08,6943.8,54.2,0.25,Neutral
2024-05-09,7040.4,48.5,0.25,Neutral
2024-05-10,6966.85,49.2,0.25,Neutral
2024-05-13,6872.36,36.6,0.25,Neutral
2024-05-14,6916.96,36.5,0.25,Neutral
2024-05-15,6851.69,38.8,0.25,Neutral
2024-05-16,6852.91,33.9,0.25,Neutral
2024-05-17,6937.04,42.0,0.25,Neutral
2024-05-20,6977.31,50.4,0.25,Neutral
2024-05-21,6910.43,43.3,0.25,Neutral
2024-05-22,6925.51,47.8,0.25,Neutral
2024-05-23,6771.4,40.7,0.25,Neutral
2024-05-24,6695.46,33.2,0.25,Neutral
2024-05-27,6749.27,33.4,0.25,Neutral
2024-05-28,6685.65,34.2,0.25,Neutral
2024-05-29,6690.26,33.8,0.25,Neutral
2024-05-30,6656.09,39.7,0.25,Neutral
2024-05-31,6697.14,45.0,0.25,Neutral
2024-06-03,6591.25,37.9,0.25,Neutral
2024-06-04,6582.83,41.0,0.25,Neutral
2024-06-05,6470.66,36.1,0.25,Neutral
2024-06-06,6282.27,29.4,0.25,Pessimistic
2024-06-07,6342.94,31.7,0.25,Neutral
2024-06-11,6397.48,38.0,0.25,Neutral
2024-06-12,6454.07,40.4,0.25,Neutral
2024-06-13,6416.73,44.1,0.25,Neutral
2024-06-14,6422.2,53.5,0.25,Neutral
2024-06-17,6416.27,49.6,0.25,Neutral
2024-06-18,6487.6,50.0,0.25,Neutral
2024-06-19,6419.22,44.7,0.25,Neutral
2024-06-20,6284.56,40.9,0.25,Neutral
2024-06-21,6284.73,40.7,0.25,Neutral
2024-06-24,6052.52,32.9,0.25,Neutral
2024-06-25,6020.83,34.0,0.25,Neutral
2024-06-26,6197.13,36.8,0.25,Neutral
2024-06-27,6052.93,37.7,0.25,Neutral
2024-06-28,6095.88,39.0,0.25,Neutral
2024-07-01,6147.73,52.0,0.25,Neutral
2024-07-02,6118.37,52.7,0.25,Neutral
2024-07-03,6056.47,41.3,0.25,Neutral
2024-07-04,5909.05,42.1,0.25,Neutral
2024-07-05,5972.5,42.5,0.25,Neutral
2024-07-08,5812.71,34.9,0.25,Neutral
2024-07-09,5936.21,38.1,0.25,Neutral
2024-07-10,5902.89,40.2,0.25,Neutral
2024-07-11,6068.14,57.4,0.25,Neutral
2024-07-12,6039.59,50.0,0.25,Neutral
2024-07-15,5955.61,53.8,0.25,Neutral
2024-07-16,5964.11,47.5,0.25,Neutral
2024-07-17,5890.98,46.8,0.25,Neutral
2024-07-18,5897.34,38.4,0.25,Neutral
2024-07-19,5921.6,40.6,0.25,Neutral
2024-07-22,5941.4,45.4,0.25,Neutral
2024-07-23,5795.21,39.6,0.25,Neutral
2024-07-24,5704.26,39.5,0.25,Neutral
2024-07-25,5717.21,40.0,0.25,Neutral
2024-07-26,5811.6,41.1,0.25,Neutral
2024-07-29,5805.45,39.8,0.25,Neutral
2024-07-30,5838.69,49.3,0.25,Neutral
2024-07-31,6059.64,73.3,0.25,Optimistic
2024-08-01,6057.51,69.1,0.25,Optimistic
2024-08-02,5972.22,58.9,0.25,Neutral
2024-08-05,5805.0,48.7,0.25,Neutral
2024-08-06,5909.21,51.8,0.25,Neutral
2024-08-07,5912.18,38.1,0.25,Neutral
2024-08-08,5894.86,36.9,0.25,Neutral
2024-08-09,5848.18,39.6,0.25,Neutral
2024-08-12,5805.99,47.1,0.25,Neutral
2024-08-13,5838.01,42.6,0.25,Neutral
2024-08-14,5793.54,40.2,0.25,Neutral
2024-08-15,5846.89,44.6,0.25,Neutral
2024-08-16,5820.47,46.3,0.25,Neutral
2024-08-19,5812.74,48.5,0.25,Neutral
2024-08-20,5705.02,39.6,0.25,Neutral
2024-08-21,5678.47,41.1,0.25,Neutral
2024-08-22,5599.03,32.6,0.25,Neutral
2024-08-23,5589.9,33.9,0.25,Neutral
2024-08-26,5630.72,36.8,0.25,Neutral
2024-08-27,5547.12,38.7,0.25,Neutral
2024-08-28,5564.56,41.3,0.25,Neutral
2024-08-29,5657.51,52.6,0.25,Neutral
2024-08-30,5771.94,67.1,0.25,Optimistic
2024-09-02,5657.73,51.6,0.25,Neutral
2024-09-03,5713.63,59.3,0.25,Neutral
2024-09-04,5680.52,55.8,0.25,Neutral
2024-09-05,5732.01,51.8,0.25,Neutral
2024-09-06,5621.48,37.6,0.25,Neutral
2024-09-09,5588.92,43.0,0.25,Neutral
2024-09-10,5616.26,40.9,0.25,Neutral
2024-09-11,5597.37,41.7,0.25,Neutral
2024-09-12,5581.77,37.7,0.25,Neutral
2024-09-13,5501.93,40.6,0.25,Neutral
2024-09-18,5478.19,41.3,0.25,Neutral
2024-09-19,5590.77,46.0,0.25,Neutral
2024-09-20,5574.36,45.8,0.25,Neutral
2024-09-23,5582.8,47.2,0.25,Neutral
2024-09-24,5786.0,78.2,0.25,Optimistic
2024-09-25,5852.37,82.9,0.25,Greed
2024-09-26,6055.92,80.8,0.25,Greed
2024-09-27,6368.01,78.2,0.25,Optimistic
2024-09-30,7093.07,74.4,0.25,Optimistic
2024-10-08,7729.54,73.7,0.25,Optimistic
2024-10-09,7081.53,77.5,0.25,Optimistic
2024-10-10,7029.42,77.9,0.25,Optimistic
2024-10-11,6727.41,78.1,0.25,Optimistic
2024-10-14,6975.33,34.3,0.25,Neutral
2024-10-15,6857.79,13.2,0.25,Ice-cold
2024-10-16,6880.52,28.3,0.25,Pessimistic
2024-10-17,6868.55,31.3,0.25,Neutral
2024-10-18,7138.74,78.7,0.25,Optimistic
2024-10-21,7303.55,75.9,0.25,Optimistic
2024-10-22,7348.53,77.7,0.25,Optimistic
2024-10-23,7351.74,77.7,0.25,Optimistic
2024-10-24,7315.18,69.6,0.25,Optimistic
2024-10-25,7468.12,71.4,0.25,Optimistic
2024-10-28,7637.01,73.8,0.25,Optimistic
2024-10-29,7501.66,58.5,0.25,Neutral
2024-10-30,7528.74,58.9,0.25,Neutral
2024-10-31,7650.01,74.4,0.25,Optimistic
2024-11-01,7365.2,37.0,0.25,Neutral
2024-11-04,7516.89,34.6,0.25,Neutral
2024-11-05,7777.74,67.5,0.25,Optimistic
2024-11-06,7832.19,71.1,0.25,Optimistic
2024-11-07,7989.35,73.0,0.25,Optimistic
2024-11-08,8012.46,76.7,0.25,Optimistic
2024-11-11,8216.35,73.9,0.25,Optimistic
2024-11-12,8105.88,69.6,0.25,Optimistic
2024-11-13,8103.0,57.8,0.25,Neutral
2024-11-14,7857.51,33.3,0.25,Neutral
2024-11-15,7685.88,22.9,0.25,Pessimistic
2024-11-18,7476.09,18.9,0.25,Pessimistic
2024-11-19,7692.51,19.7,0.25,Pessimistic
2024-11-20,7872.85,27.7,0.25,Pessimistic
2024-11-21,7889.62,42.4,0.25,Neutral
2024-11-22,7611.36,38.1,0.25,Neutral
2024-11-25,7675.15,52.7,0.25,Neutral
2024-11-26,7571.78,34.9,0.25,Neutral
2024-11-27,7726.07,33.0,0.25,Neutral
2024-11-28,7714.4,31.4,0.25,Neutral
2024-11-29,7856.94,56.3,0.25,Neutral
2024-12-02,8022.03,63.9,0.25,Optimistic
2024-12-03,8019.65,64.3,0.25,Optimistic
2024-12-04,7896.13,50.2,0.25,Neutral
2024-12-05,8014.87,55.6,0.25,Neutral
2024-12-06,8092.8,54.7,0.25,Neutral
2024-12-09,8055.2,41.2,0.25,Neutral
2024-12-10,8136.21,48.2,0.25,Neutral
2024-12-11,8254.99,60.5,0.25,Optimistic
2024-12-12,8317.82,57.6,0.25,Neutral
2024-12-13,8156.34,44.1,0.25,Neutral
2024-12-16,8067.54,40.7,0.25,Neutral
2024-12-17,7821.18,26.5,0.25,Pessimistic
2024-12-18,7890.22,25.5,0.25,Pessimistic
2024-12-19,7914.01,24.0,0.25,Pessimistic
2024-12-20,8018.05,34.4,0.25,Neutral
2024-12-23,7731.93,28.0,0.25,Pessimistic
2024-12-24,7820.47,41.5,0.25,Neutral
2024-12-25,7699.19,35.3,0.25,Neutral
2024-12-26,7800.36,37.7,0.25,Neutral
2024-12-27,7828.59,34.8,0.25,Neutral
2024-12-30,7779.49,44.3,0.25,Neutral
2024-12-31,7533.06,33.0,0.25,Neutral
2025-01-02,7369.04,32.1,0.25,Neutral
2025-01-03,7106.75,31.5,0.25,Neutral
2025-01-06,7074.91,33.3,0.25,Neutral
2025-01-07,7221.52,32.3,0.25,Neutral
2025-01-08,7208.26,33.5,0.25,Neutral
2025-01-09,7231.26,41.4,0.25,Neutral
2025-01-10,7043.24,45.7,0.25,Neutral
2025-01-13,7050.71,46.7,0.25,Neutral
2025-01-14,7399.37,53.4,0.25,Neutral
2025-01-15,7359.63,51.3,0.25,Neutral
2025-01-16,7402.86,52.2,0.25,Neutral
2025-01-17,7428.09,58.2,0.25,Neutral
2025-01-20,7492.31,58.6,0.25,Neutral
2025-01-21,7526.88,48.0,0.25,Neutral
2025-01-22,7448.07,46.9,0.25,Neutral
2025-01-23,7421.98,45.5,0.25,Neutral
2025-01-24,7557.95,48.0,0.25,Neutral
2025-01-27,7434.54,41.5,0.25,Neutral
2025-02-05,7506.25,42.3,0.25,Neutral
2025-02-06,7718.15,55.5,0.25,Neutral
2025-02-07,7833.95,64.8,0.25,Optimistic
2025-02-10,7965.02,61.8,0.25,Optimistic
2025-02-11,7939.52,61.2,0.25,Optimistic
2025-02-12,8054.56,60.3,0.25,Optimistic
2025-02-13,7959.5,55.6,0.25,Neutral
2025-02-14,7988.49,49.7,0.25,Neutral
2025-02-17,8076.16,47.6,0.25,Neutral
2025-02-18,7881.18,40.5,0.25,Neutral
2025-02-19,8095.69,43.3,0.25,Neutral
2025-02-20,8171.58,52.2,0.25,Neutral
2025-02-21,8314.95,60.1,0.25,Optimistic
2025-02-24,8323.91,54.6,0.25,Neutral
2025-02-25,8288.47,61.8,0.25,Optimistic
2025-02-26,8414.03,56.7,0.25,Neutral
2025-02-27,8380.71,51.8,0.25,Neutral
2025-02-28,8055.57,30.1,0.25,Neutral
2025-03-03,8067.81,30.8,0.25,Neutral
2025-03-04,8179.88,36.7,0.25,Neutral
2025-03-05,8241.86,33.6,0.25,Neutral
2025-03-06,8422.93,43.5,0.25,Neutral
2025-03-07,8377.99,59.7,0.25,Neutral
2025-03-10,8392.97,55.8,0.25,Neutral
2025-03-11,8419.25,50.9,0.25,Neutral
2025-03-12,8458.68,52.0,0.25,Neutral
2025-03-13,8315.96,36.4,0.25,Neutral
2025-03-14,8462.7,45.3,0.25,Neutral
2025-03-17,8505.12,45.7,0.25,Neutral
2025-03-18,8546.43,45.7,0.25,Neutral
2025-03-19,8491.98,41.9,0.25,Neutral
2025-03-20,8476.98,48.9,0.25,Neutral
2025-03-21,8302.68,34.2,0.25,Neutral
2025-03-24,8207.61,27.9,0.25,Pessimistic
2025-03-25,8129.23,24.0,0.25,Pessimistic
2025-03-26,8186.83,29.0,0.25,Pessimistic
2025-03-27,8156.61,28.7,0.25,Pessimistic
2025-03-28,8055.16,32.6,0.25,Neutral
2025-03-31,7987.56,34.1,0.25,Neutral
2025-04-01,8043.72,39.3,0.25,Neutral
2025-04-02,8067.56,37.7,0.25,Neutral
2025-04-03,7970.13,35.9,0.25,Neutral
2025-04-07,6981.0,30.9,0.25,Neutral
2025-04-08,7002.38,29.3,0.25,Pessimistic
2025-04-09,7180.86,27.4,0.25,Pessimistic
2025-04-10,7377.16,27.5,0.25,Pessimistic
2025-04-11,7468.94,29.2,0.25,Pessimistic
2025-04-14,7594.39,65.1,0.25,Optimistic
2025-04-15,7574.68,62.4,0.25,Optimistic
2025-04-16,7454.84,59.7,0.25,Neutral
2025-04-17,7478.2,50.7,0.25,Neutral
2025-04-18,7472.56,46.7,0.25,Neutral
2025-04-21,7642.64,47.2,0.25,Neutral
2025-04-22,7636.68,48.4,0.25,Neutral
2025-04-23,7705.46,57.7,0.25,Neutral
2025-04-24,7625.5,52.6,0.25,Neutral
2025-04-25,7650.63,53.5,0.25,Neutral
2025-04-28,7554.44,42.1,0.25,Neutral
2025-04-29,7606.18,43.6,0.25,Neutral
2025-04-30,7685.37,43.2,0.25,Neutral
2025-05-06,7908.13,56.0,0.25,Neutral
2025-05-07,7928.15,57.5,0.25,Neutral
2025-05-08,8001.56,59.4,0.25,Neutral
2025-05-09,7892.81,55.4,0.25,Neutral
2025-05-12,8011.85,55.8,0.25,Neutral
2025-05-13,7986.13,45.1,0.25,Neutral
2025-05-14,7992.6,44.5,0.25,Neutral
2025-05-15,7865.78,37.5,0.25,Neutral
2025-05-16,7905.06,43.1,0.25,Neutral
2025-05-19,7948.68,39.6,0.25,Neutral
2025-05-20,8014.74,43.0,0.25,Neutral
2025-05-21,7978.6,41.8,0.25,Neutral
2025-05-22,7882.89,44.4,0.25,Neutral
2025-05-23,7793.7,40.2,0.25,Neutral
2025-05-26,7859.4,39.8,0.25,Neutral
2025-05-27,7847.61,37.0,0.25,Neutral
2025-05-28,7823.61,37.8,0.25,Neutral
2025-05-29,7971.65,47.3,0.25,Neutral
2025-05-30,7866.89,47.9,0.25,Neutral
2025-06-03,7930.48,46.4,0.25,Neutral
2025-06-04,8006.78,49.7,0.25,Neutral
2025-06-05,8062.72,54.0,0.25,Neutral
2025-06-06,8047.5,45.2,0.25,Neutral
2025-06-09,8156.06,54.8,0.25,Neutral
2025-06-10,8085.29,52.0,0.25,Neutral
2025-06-11,8116.49,47.4,0.25,Neutral
2025-06-12,8133.17,44.8,0.25,Neutral
2025-06-13,7988.15,41.7,0.25,Neutral
2025-06-16,8062.63,38.6,0.25,Neutral
2025-06-17,8050.12,41.6,0.25,Neutral
2025-06-18,8046.18,39.9,0.25,Neutral
2025-06-19,7907.16,33.5,0.25,Neutral
2025-06-20,7841.57,37.7,0.25,Neutral
2025-06-23,7962.71,39.0,0.25,Neutral
2025-06-24,8126.88,47.4,0.25,Neutral
2025-06-25,8224.55,52.6,0.25,Neutral
2025-06-26,8194.65,60.0,0.25,Optimistic
2025-06-27,8228.62,63.6,0.25,Optimistic
2025-06-30,8339.49,60.7,0.25,Optimistic
2025-07-01,8362.17,53.4,0.25,Neutral
2025-07-02,8277.65,45.2,0.25,Neutral
2025-07-03,8334.91,48.0,0.25,Neutral
2025-07-04,8272.44,44.8,0.25,Neutral
2025-07-07,8299.69,39.8,0.25,Neutral
2025-07-08,8407.13,43.5,0.25,Neutral
2025-07-09,8385.16,47.7,0.25,Neutral
2025-07-10,8392.9,44.6,0.25,Neutral
2025-07-11,8461.68,52.2,0.25,Neutral
2025-07-14,8491.38,50.1,0.25,Neutral
2025-07-15,8463.1,44.7,0.25,Neutral
2025-07-16,8506.76,45.6,0.25,Neutral
2025-07-17,8608.4,49.2,0.25,Neutral
2025-07-18,8619.47,46.2,0.25,Neutral
2025-07-21,8707.54,51.2,0.25,Neutral
2025-07-22,8729.96,55.8,0.25,Neutral
2025-07-23,8675.53,50.3,0.25,Neutral
2025-07-24,8782.43,48.6,0.25,Neutral
2025-07-25,8801.88,48.1,0.25,Neutral
2025-07-28,8845.73,45.1,0.25,Neutral
2025-07-29,8902.47,47.3,0.25,Neutral
2025-07-30,8819.69,46.6,0.25,Neutral
2025-07-31,8765.86,40.2,0.25,Neutral
2025-08-01,8785.39,39.0,0.25,Neutral
2025-08-04,8898.53,40.1,0.25,Neutral
2025-08-05,8962.94,40.5,0.25,Neutral
2025-08-06,9060.73,50.5,0.25,Neutral
2025-08-07,9062.77,53.3,0.25,Neutral
2025-08-08,9025.77,49.9,0.25,Neutral
2025-08-11,9170.5,51.7,0.25,Neutral
2025-08-12,9194.49,49.6,0.25,Neutral
2025-08-13,9324.47,53.3,0.25,Neutral
2025-08-14,9179.3,47.3,0.25,Neutral
2025-08-15,9374.51,57.6,0.25,Neutral
2025-08-18,9566.31,65.5,0.25,Optimistic
2025-08-19,9595.69,64.3,0.25,Optimistic
2025-08-20,9657.08,58.0,0.25,Neutral
2025-08-21,9584.42,62.6,0.25,Optimistic
2025-08-22,9699.77,56.4,0.25,Neutral
2025-08-25,9845.8,58.2,0.25,Neutral
2025-08-26,9832.87,52.8,0.25,Neutral
2025-08-27,9634.84,41.0,0.25,Neutral
2025-08-28,9759.28,51.0,0.25,Neutral
2025-08-29,9731.77,41.3,0.25,Neutral
2025-09-01,9825.71,38.6,0.25,Neutral
2025-09-02,9581.56,29.0,0.25,Pessimistic
2025-09-03,9424.98,32.2,0.25,Neutral
2025-09-04,9229.53,21.2,0.25,Pessimistic
2025-09-05,9497.63,31.2,0.25,Neutral
2025-09-08,9594.44,30.9,0.25,Neutral
2025-09-09,9464.47,36.3,0.25,Neutral
2025-09-10,9485.65,42.8,0.25,Neutral
2025-09-11,9700.05,60.7,0.25,Optimistic
2025-09-12,9719.59,51.1,0.25,Neutral
2025-09-15,9711.18,45.7,0.25,Neutral
2025-09-16,9828.68,57.6,0.25,Neutral
2025-09-17,9899.16,58.8,0.25,Neutral
2025-09-18,9794.33,47.9,0.25,Neutral
2025-09-19,9722.16,41.3,0.25,Neutral
2025-09-22,9783.12,42.9,0.25,Neutral
2025-09-23,9655.05,34.7,0.25,Neutral
2025-09-24,9802.73,37.0,0.25,Neutral
2025-09-25,9759.4,39.6,0.25,Neutral
2025-09-26,9598.25,37.3,0.25,Neutral
2025-09-29,9705.46,38.3,0.25,Neutral
2025-09-30,9776.84,44.6,0.25,Neutral
2025-10-09,9860.24,43.3,0.25,Neutral
2025-10-10,9744.3,41.4,0.25,Neutral
2025-10-13,9711.88,46.6,0.25,Neutral
2025-10-14,9529.45,36.8,0.25,Neutral
2025-10-15,9685.48,38.8,0.25,Neutral
2025-10-16,9573.22,33.1,0.25,Neutral
2025-10-17,9287.1,28.9,0.25,Pessimistic
2025-10-20,9390.44,33.5,0.25,Neutral
2025-10-21,9547.88,43.8,0.25,Neutral
2025-10-22,9509.84,37.5,0.25,Neutral
2025-10-23,9497.15,40.9,0.25,Neutral
2025-10-24,9619.71,55.1,0.25,Neutral
2025-10-27,9721.09,55.6,0.25,Neutral
2025-10-28,9719.02,49.2,0.25,Neutral
2025-10-29,9807.78,53.3,0.25,Neutral
2025-10-30,9674.74,51.1,0.25,Neutral
2025-10-31,9732.98,47.7,0.25,Neutral
2025-11-03,9791.26,45.3,0.25,Neutral
2025-11-04,9662.69,41.7,0.25,Neutral
2025-11-05,9711.46,40.1,0.25,Neutral
2025-11-06,9811.51,47.7,0.25,Neutral
2025-11-07,9784.06,44.8,0.25,Neutral
2025-11-10,9827.35,44.2,0.25,Neutral
2025-11-11,9821.88,49.0,0.25,Neutral
2025-11-12,9751.99,45.3,0.25,Neutral
2025-11-13,9876.86,44.9,0.25,Neutral
2025-11-14,9771.28,43.5,0.25,Neutral
2025-11-17,9805.26,42.5,0.25,Neutral
2025-11-18,9695.4,39.8,0.25,Neutral
2025-11-19,9593.95,39.0,0.25,Neutral
2025-11-20,9520.68,32.5,0.25,Neutral
2025-11-21,9161.5,27.8,0.25,Pessimistic
2025-11-24,9320.02,28.9,0.25,Pessimistic
2025-11-25,9467.63,37.1,0.25,Neutral
2025-11-26,9452.96,40.3,0.25,Neutral
2025-11-27,9468.66,43.2,0.25,Neutral
2025-11-28,9573.58,59.4,0.25,Neutral
2025-12-01,9647.57,56.8,0.25,Neutral
2025-12-02,9567.48,48.2,0.25,Neutral
2025-12-03,9474.03,46.3,0.25,Neutral
2025-12-04,9439.08,44.1,0.25,Neutral
2025-12-05,9592.19,44.9,0.25,Neutral
2025-12-08,9724.13,46.3,0.25,Neutral
2025-12-09,9681.76,48.2,0.25,Neutral
2025-12-10,9709.59,52.2,0.25,Neutral
2025-12-11,9571.37,50.7,0.25,Neutral
2025-12-12,9658.32,46.9,0.25,Neutral
2025-12-15,9598.55,39.8,0.25,Neutral
2025-12-16,9426.65,36.2,0.25,Neutral
2025-12-17,9541.38,38.7,0.25,Neutral
2025-12-18,9524.48,42.9,0.25,Neutral
2025-12-19,9622.47,42.6,0.25,Neutral
2025-12-22,9723.62,47.8,0.25,Neutral
2025-12-23,9692.47,54.3,0.25,Neutral
2025-12-24,9848.04,53.4,0.25,Neutral
2025-12-25,9965.0,58.6,0.25,Neutral
2025-12-26,9964.25,56.4,0.25,Neutral
2025-12-29,9958.91,51.2,0.25,Neutral
2025-12-30,9954.61,52.5,0.25,Neutral
2025-12-31,9955.85,45.2,0.25,Neutral
2026-01-05,10155.81,48.5,0.25,Neutral
2026-01-06,10293.14,55.4,0.25,Neutral
2026-01-07,10348.54,58.4,0.25,Neutral
2026-01-08,10468.51,64.1,0.25,Optimistic
2026-01-09,10673.61,68.6,0.25,Optimistic
2026-01-12,10985.02,73.3,0.25,Optimistic
2026-01-13,10780.35,72.9,0.25,Optimistic
2026-01-14,10881.05,76.0,0.25,Optimistic
2026-01-15,10815.73,56.3,0.25,Neutral
2026-01-16,10813.63,46.5,0.25,Neutral
2026-01-19,10885.58,35.3,0.25,Neutral
2026-01-20,10757.62,39.8,0.25,Neutral
2026-01-21,10859.29,38.8,0.25,Neutral
2026-01-22,10955.56,44.8,0.25,Neutral
2026-01-23,11173.26,56.6,0.25,Neutral
2026-01-26,11021.31,47.9,0.25,Neutral
2026-01-27,11058.56,53.1,0.25,Neutral
2026-01-28,11049.32,47.9,0.25,Neutral
2026-01-29,10929.75,40.7,0.25,Neutral
2026-01-30,10865.03,28.9,0.25,Pessimistic
2026-02-02,10532.09,24.2,0.25,Pessimistic
2026-02-03,10855.97,33.3,0.25,Neutral
2026-02-04,10851.89,33.6,0.25,Neutral
2026-02-05,10670.75,32.4,0.25,Neutral
2026-02-06,10676.48,34.8,0.25,Neutral
2026-02-09,10910.44,54.1,0.25,Neutral
2026-02-10,10913.54,42.3,0.25,Neutral
2026-02-11,10882.94,41.0,0.25,Neutral
2026-02-12,10969.25,50.0,0.25,Neutral
2026-02-13,10857.59,45.8,0.25,Neutral
2026-02-24,10969.71,42.3,0.25,Neutral
2026-02-25,11112.99,48.0,0.25,Neutral
2026-02-26,11210.37,52.8,0.25,Neutral
2026-02-27,11306.91,52.2,0.25,Neutral
2026-03-02,11173.22,55.5,0.25,Neutral
2026-03-03,10706.97,33.1,0.25,Neutral
2026-03-04,10664.33,27.5,0.25,Pessimistic
2026-03-05,10797.26,28.1,0.25,Pessimistic
2026-03-06,10907.54,28.6,0.25,Pessimistic
2026-03-09,10828.24,30.3,0.25,Neutral
2026-03-10,11048.09,54.1,0.25,Neutral
2026-03-11,11036.9,56.0,0.25,Neutral
2026-03-12,10954.97,48.6,0.25,Neutral
2026-03-13,10784.55,39.2,0.25,Neutral
2026-03-16,10789.14,42.2,0.25,Neutral
2026-03-17,10510.78,26.9,0.25,Pessimistic
2026-03-18,10651.3,31.7,0.25,Neutral
2026-03-19,10401.62,27.7,0.25,Pessimistic
2026-03-20,10197.02,28.4,0.25,Pessimistic
2026-03-23,9682.62,29.7,0.25,Pessimistic
2026-03-24,9968.29,29.8,0.25,Pessimistic
2026-03-25,10181.34,30.7,0.25,Neutral
2026-03-26,10023.52,35.0,0.25,Neutral
2026-03-27,10172.45,45.5,0.25,Neutral
2026-03-30,10201.33,63.1,0.25,Optimistic
2026-03-31,10022.45,49.2,0.25,Neutral
2026-04-01,10240.59,47.6,0.25,Neutral
2026-04-02,10051.44,47.5,0.25,Neutral
2026-04-03,9918.82,39.1,0.25,Neutral
2026-04-07,10019.03,40.5,0.25,Neutral
2026-04-08,10485.5,61.4,0.25,Optimistic
2026-04-09,10421.57,49.9,0.25,Neutral
2026-04-10,10516.16,59.0,0.25,Neutral
2026-04-13,10547.16,59.5,0.25,Neutral
2026-04-14,10690.57,60.0,0.25,Optimistic
2026-04-15,10654.27,48.6,0.25,Neutral
2026-04-16,10841.99,56.6,0.25,Neutral
2026-04-17,10928.8,56.3,0.25,Neutral
2026-04-20,11008.14,58.0,0.25,Neutral
2026-04-21,10996.9,51.8,0.25,Neutral
2026-04-22,11146.04,57.9,0.25,Neutral
2026-04-23,10980.43,48.0,0.25,Neutral
2026-04-24,10890.83,41.5,0.25,Neutral
2026-04-27,10943.4,39.9,0.25,Neutral
2026-04-28,10795.99,36.7,0.25,Neutral
2026-04-29,10930.01,35.2,0.25,Neutral
2026-04-30,10989.93,42.6,0.25,Neutral
2026-05-06,11246.17,55.6,0.25,Neutral
2026-05-07,11464.71,61.4,0.25,Optimistic
2026-05-08,11540.91,61.5,0.25,Optimistic
2026-05-11,11693.03,62.7,0.25,Optimistic
2026-05-12,11623.91,61.5,0.25,Optimistic
2026-05-13,11804.16,60.3,0.25,Optimistic
2026-05-14,11560.86,45.9,0.25,Neutral
2026-05-15,11480.24,39.8,0.25,Neutral
2026-05-18,11517.0,35.1,0.25,Neutral
2026-05-19,11645.28,41.2,0.25,Neutral
2026-05-20,11627.77,34.8,0.25,Neutral
2026-05-21,11216.59,30.4,0.25,Neutral
2026-05-22,11480.5,41.1,0.25,Neutral
2026-05-25,11565.25,42.7,0.25,Neutral
2026-05-26,11391.35,33.3,0.25,Neutral
2026-05-27,11173.6,27.8,0.25,Pessimistic
2026-05-28,11329.21,45.8,0.25,Neutral
2026-05-29,10964.21,25.9,0.25,Pessimistic
2026-06-01,10903.09,25.2,0.25,Pessimistic
2026-06-02,10933.16,28.8,0.25,Pessimistic
2026-06-03,10976.39,37.3,0.25,Neutral
2026-06-04,10943.01,31.1,0.25,Neutral
2026-06-05,10904.0,42.9,0.25,Neutral
2026-06-08,10551.92,33.8,0.25,Neutral
2026-06-09,10834.59,41.4,0.25,Neutral
2026-06-10,10657.7,34.7,0.25,Neutral
2026-06-11,10601.91,34.4,0.25,Neutral
2026-06-12,10661.05,37.1,0.25,Neutral
2026-06-15,11055.24,62.3,0.25,Optimistic
2026-06-16,11210.47,56.4,0.25,Neutral
2026-06-17,11254.67,61.9,0.25,Optimistic
2026-06-18,11336.77,61.3,0.25,Optimistic
2026-06-22,11451.23,64.2,0.25,Optimistic
2026-06-23,11295.39,52.1,0.25,Neutral
2026-06-24,11394.36,48.9,0.25,Neutral
2026-06-25,11380.33,47.6,0.25,Neutral
2026-06-26,11088.8,35.8,0.25,Neutral
2026-06-29,11062.33,31.2,0.25,Neutral
2026-06-30,11335.65,44.1,0.25,Neutral
2026-07-01,11462.91,45.4,0.25,Neutral
2026-07-02,11192.79,37.8,0.25,Neutral
2026-07-03,11189.64,47.7,0.25,Neutral
2026-07-06,10990.1,42.7,0.25,Neutral
2026-07-07,10719.78,29.7,0.25,Pessimistic
2026-07-08,10485.82,31.2,0.25,Neutral
2026-07-09,10690.7,31.2,0.25,Neutral
2026-07-10,10604.18,28.2,0.25,Pessimistic
2026-07-13,10047.39,31.9,0.25,Neutral
2026-07-14,10204.31,32.7,0.25,Neutral
2026-07-15,10090.29,36.5,0.25,Neutral
2026-07-16,9880.07,33.6,0.25,Neutral
2026-07-17,9271.69,34.1,0.25,Neutral
2026-07-20,8982.84,34.5,0.25,Neutral
2026-07-21,9305.66,31.4,0.25,Neutral
2026-07-22,9187.62,33.7,0.25,Neutral
2026-07-23,9259.74,34.1,0.25,Neutral
2026-07-24,9000.0,42.0,0.25,Neutral
2026-07-27,9306.25,59.7,0.25,Neutral
2026-07-28,9085.66,42.1,0.25,Neutral
2026-07-29,9144.23,48.1,0.25,Neutral
2026-07-30,8866.24,36.1,0.25,Neutral
2026-07-31,9130.19,54.4,0.25,Neutral
2026-08-03,9163.45,42.8,0.25,Neutral
2026-08-04,9430.38,59.3,0.25,Neutral
2026-08-05,9707.01,63.7,0.25,Optimistic
2026-08-06,9784.07,63.8,0.25,Optimistic
2026-08-07,9971.3,63.3,0.25,Optimistic
2026-08-10,10058.63,61.7,0.25,Optimistic
2026-08-11,10004.48,60.9,0.25,Optimistic
2026-08-12,10145.08,58.1,0.25,Neutral
2026-08-13,10036.35,54.3,0.25,Neutral
2026-08-14,10115.48,48.3,0.25,Neutral
2026-08-17,10367.56,53.6,0.25,Neutral
2026-08-18,10333.53,54.5,0.25,Neutral
2026-08-19,9764.86,31.2,0.25,Neutral
2026-08-20,9882.8,39.1,0.25,Neutral
2026-08-21,9887.59,36.7,0.25,Neutral
2026-08-24,9738.03,28.3,0.25,Pessimistic
2026-08-25,9834.22,27.8,0.25,Pessimistic
2026-08-26,9837.33,47.1,0.25,Neutral
2026-08-27,10073.1,50.4,0.25,Neutral
2026-08-28,10036.44,49.6,0.25,Neutral
2026-08-31,10123.08,58.5,0.25,Neutral
2026-09-01,10052.63,53.1,0.25,Neutral
2026-09-02,9947.87,48.4,0.25,Neutral
